,0,1,2,3,4,5,6,7,8,9,10,11,12,13,14,15,16,17,18,19,20,21,22,23,24,date
0,0.21563462568586428,0.2560053125217139,0.2786471883827646,0.38851178773883877,0.30443271823029616,0.21106445581228395,0.41460878937731666,0.435222761237998,0.3429419599332147,0.3004035941408944,0.23839649838842825,0.343343215891853,0.42672601182468206,0.2641661915899613,0.37721630549522317,0.22884717728182397,0.3844326407454902,0.27281868352159067,0.24978526254837924,0.464156700586697,0.2391612709179981,0.33156203492870434,0.20978945248067682,0.42363144045174106,0.29450524074108636,2017-01-01
1,0.2877984347605246,0.31996844541541314,0.3299757451694545,0.43159589530610276,0.35898002427999676,0.27907505359962587,0.4348216879232556,0.4593574107984938,0.39040744440519953,0.35444285024001726,0.30386739546318065,0.39126335415214225,0.4608568238535558,0.32690294990005103,0.4119410253202864,0.29969161886107687,0.423495135176387,0.3347260157710881,0.3157250361131476,0.47978909057295704,0.30734273950609553,0.3811479711202953,0.26561958379041395,0.45004150901412354,0.3547350430808334,2017-01-15
2,0.36344431305045755,0.38327392115679154,0.37886917473159376,0.4680114262909906,0.4097771008081415,0.34797153444106405,0.44750917825150294,0.47378860296940184,0.4345642189943467,0.40420910970817836,0.3725482202751639,0.43834887047589766,0.48226967823392175,0.38925341721123036,0.4368037224659169,0.37322199139600853,0.4570900003663998,0.3949971424393587,0.3799192054180171,0.4832466792628657,0.3767081352441597,0.4282466492240701,0.31647998077731077,0.478355534737981,0.41425784990123304,2017-01-29
3,0.43817227294089356,0.44534477623800117,0.4275214416951242,0.5034584457245949,0.4597309677574627,0.41691492417794174,0.45968130599824697,0.48708711500024116,0.47851955077559827,0.4526212092351265,0.4424451897940135,0.485519031670014,0.5017045099538717,0.45148250223847664,0.4605373428117694,0.44656987614394283,0.49035761037859155,0.45542487405641374,0.4427985086576069,0.4860895315933817,0.4457087949787074,0.47570529410375473,0.3642938088173195,0.5094828926173203,0.47237617574636026,2017-02-12
4,0.507582326817063,0.5056040471511946,0.47812651068598705,0.5436370186380086,0.5117486450706925,0.48506624865160247,0.4783481167996755,0.5078237241405309,0.5253807068238964,0.5025979855106107,0.5115645209893648,0.5336931045413862,0.5299012540014975,0.5138551136967673,0.4918748322374988,0.5168668543622034,0.5284383392760253,0.5178020211522649,0.5047936840265361,0.49987771250146357,0.5127960555562555,0.5263711306230752,0.41098423328639233,0.5443329576461482,0.5283925351602903,2017-02-26
5,0.5680076989293344,0.5633780941978188,0.5321868887942667,0.5926224898998173,0.5678365722077192,0.5513123725541414,0.509137681692734,0.5426598251852768,0.577285038635254,0.5561603329944078,0.5777399658799597,0.5832979595725711,0.5749964829558218,0.5761805107602991,0.5373873244518493,0.5814642355342392,0.5751060871342644,0.5828835159328872,0.5659841381457814,0.5334732061775218,0.5764039934277803,0.5819877710257264,0.45823517293047267,0.5833558957788839,0.5815379461944604,2017-03-12
6,0.6195255570268018,0.6174996274632221,0.5876743465397506,0.6461940204529397,0.6254026235967697,0.6131402325334755,0.5506214008362106,0.5885070797799686,0.6314172921919149,0.6107440526228795,0.6379246319364118,0.6322461816692646,0.6318334196429642,0.6359413043082621,0.5926072575183144,0.6388353105281469,0.6271572327353305,0.646124652138896,0.6246553001741713,0.5819609940786954,0.6348785496106354,0.6386635350972032,0.5065088997824555,0.6246570490792441,0.6306783498447922,2017-03-26
7,0.6634049672019183,0.6666442016496732,0.6414366313178372,0.6974896502189508,0.6803907033778079,0.6675910929357769,0.5991241569582293,0.6391732857449446,0.6833855330830596,0.6623252637488997,0.6887912701607183,0.6776499235685636,0.6910232995330432,0.6898794080780909,0.6495528596687208,0.6878105571605162,0.679166834995345,0.7012935638864581,0.6785214798703921,0.6360400975802368,0.6865376068789449,0.6907127263010227,0.555878770098609,0.6655952762006733,0.6745634634681976,2017-04-09
8,0.7009154992292147,0.7094873050474436,0.6903210155251088,0.7396463030130648,0.72874409703435,0.7117060297713992,0.6509698834353421,0.6884649292445719,0.72879716061147,0.7068794688812503,0.7270125130795639,0.7166209997544419,0.743175569708608,0.7347364227974094,0.7002408740715779,0.7272206041908974,0.7257090141270491,0.7421576723181305,0.7252967456448584,0.6864076846027849,0.7296990361497528,0.7324488899707213,0.6064179757840155,0.7035291203415964,0.7119429553068598,2017-04-23
9,0.7331334993350421,0.744857215688834,0.7314181646079171,0.7669590478705571,0.7668681900704813,0.7431089273312594,0.7023878374062623,0.7307626623582811,0.7637832616332054,0.7409663694578656,0.7500771014103138,0.7466808932694234,0.7802199464732413,0.7677597821044045,0.7377775340910999,0.7561897600251505,0.7619722197049735,0.7638196337939019,0.762930695603685,0.7248005134648404,0.7629441713331805,0.7592253381473824,0.6576826965718381,0.7360563528135476,0.7417768594315057,2017-05-07
10,0.759868811251513,0.7725836867948425,0.76341408737277,0.7813141290417317,0.7941972474108034,0.7632437433287561,0.7489867114227349,0.764210563364777,0.7879074838835652,0.7649748554802652,0.760823036189816,0.7680362994715247,0.8027399788401639,0.789512450528469,0.7624102422880659,0.7757672848054215,0.7871715827113879,0.7701340334588809,0.7909167300959495,0.7497694386149395,0.7865812400902203,0.7732106346410496,0.7058403057507983,0.7623427888067671,0.7644040731469931,2017-05-21
11,0.7804212025300316,0.7928998096309232,0.7856373074666654,0.7876550904493193,0.8113853967545026,0.7750929468266345,0.7861252694214071,0.7884684075673123,0.8021159181260257,0.7808359993669858,0.7642427005313727,0.781975366655892,0.8148044943412689,0.8018927025108953,0.7772624637072532,0.7877777012842007,0.8021439555880373,0.7684802425749391,0.8093700064395788,0.7626096502962915,0.8016139660425436,0.7793181444829933,0.7456933554140797,0.78218576365178,0.7807188225438585,2017-06-04
12,0.7940890397523673,0.8060397832663728,0.7974181132608047,0.7909338731617502,0.8190901162624626,0.7816432325460132,0.8091615888877376,0.8032001332659398,0.8073584521268998,0.7904851092778511,0.7653343947504345,0.78978921342443,0.8204918931361468,0.8068024800405141,0.7854655627550682,0.7940476615417487,0.8077306449790149,0.7662473135427805,0.818407389663361,0.764623876314656,0.8090479830533885,0.7824687715453698,0.772040649051962,0.7953843472053922,0.7916168589725812,2017-06-18
13,0.8003366792954071,0.8122119812768545,0.798300624999882,0.795424304083763,0.8181299057283303,0.7855854499343784,0.8142899118797416,0.8082220046923451,0.804751161523703,0.7955974866918498,0.768486622833966,0.7927369918829014,0.8233219924217261,0.8060912773741531,0.7896871024108798,0.7962553431334568,0.804914507315151,0.7698020578382011,0.818338318475208,0.7574743846269505,0.809865007512246,0.7868722664040388,0.7804689061093629,0.801757184076705,0.7979093841028517,2017-07-02
14,0.8000410921294467,0.8114049958402488,0.7896487255520546,0.7996292893056637,0.8106935992372863,0.7870927313071007,0.8048204497043159,0.8046466177823862,0.7968244222242841,0.7956357113271451,0.7728983697866642,0.7918058112749253,0.8220609289405021,0.8011622454764804,0.788647579728642,0.794815368343559,0.7958830230482719,0.7768117614783276,0.8111110816656137,0.7458832196304537,0.8048432121363733,0.7906862875542214,0.7732702074970219,0.8012895049034098,0.7996880607142401,2017-07-16
15,0.7947932049670844,0.803496338453456,0.7737460320008205,0.7991350284975789,0.799662617543855,0.7850657185123329,0.787659926921858,0.7942417531687519,0.7868234178441682,0.7889440214840566,0.775145763045094,0.7878452864670377,0.8130722609302972,0.7931929469896574,0.7790725878473661,0.7895037404403396,0.7834325069443318,0.7805468451318047,0.7995022664390141,0.7361188807640031,0.794657895742193,0.7890096790671094,0.7561256202971879,0.7940507352991336,0.7966808862774573,2017-07-30
16,0.7861894568460203,0.7883626629792264,0.7528832625337132,0.7895052019589479,0.7879237287408566,0.7783952287260119,0.7697428361309124,0.7787802500484605,0.7779988509018556,0.7738580209480393,0.7717846794297739,0.7817039707561823,0.7927009967482948,0.783359202828594,0.7576723176083094,0.7800915320284239,0.7703639744705667,0.7742437820531798,0.7862948551443458,0.7344618073703265,0.7799835628750647,0.7769176684526244,0.7347423773506253,0.7801109509319145,0.7886130504681473,2017-08-13
17,0.7755091837472049,0.7659237901996592,0.729110183594385,0.7669146511405114,0.7779149374710471,0.7660350625174804,0.7572685939063473,0.7598313449101638,0.7730228619736363,0.7488047583245988,0.7595656952333566,0.7740391186534943,0.7577876235251783,0.7726585486442041,0.721559610746172,0.7663385145039968,0.7590739278148164,0.7518509050505473,0.7739170397368185,0.746122866530808,0.7614647827930255,0.7500578550891788,0.7142693242370701,0.7595376710657349,0.7751901639470057,2017-08-27
18,0.7604633634908112,0.7365852978949481,0.7017651335802068,0.7344156090393219,0.7670243168637115,0.7476477720782096,0.7481648122092084,0.7366731345940882,0.7680570387286096,0.7132403100477178,0.7374303383508348,0.7633553009637996,0.7107482470659942,0.7600822774379401,0.672378336278365,0.7478772868550665,0.7474068844679848,0.7153270967931912,0.7608045587093577,0.7642770372265115,0.7394092632053569,0.7105187344123349,0.693571779155002,0.73236964777019,0.7558975148761368,2017-09-10
19,0.7365156112605148,0.7010586950547534,0.6684787853997711,0.6993917104067817,0.7494594780852663,0.7233422834899472,0.7351494957279753,0.7071407493410122,0.7551626031530277,0.6672688373538113,0.7057000045457329,0.7468013218587044,0.6575105144840154,0.7433581445933919,0.6146260177494813,0.7242603545068168,0.7303405083516656,0.6716763081987884,0.7428786914297612,0.7745190601342206,0.713912555410958,0.6644452974481219,0.6675576759749312,0.698627515449857,0.7300816316494256,2017-09-24
20,0.6990944731787392,0.6600602645846798,0.626855164626411,0.6692941795283383,0.7193784026546586,0.6932344882938846,0.7108593556235172,0.6690468025609908,0.7263367929108296,0.6110046145448333,0.6647176217855977,0.7215048293944952,0.6040568688810346,0.7201941885702335,0.5528447086717228,0.6950389730611878,0.702807727454858,0.627981216156762,0.7160214802866034,0.7623253897951914,0.6850669001054321,0.6180458349722493,0.6310731954033966,0.6583316257914757,0.6970868773783362,2017-10-08
21,0.6440316431529715,0.6143931757629487,0.5745871539789494,0.6509068883029708,0.6716220817201224,0.6575089299516477,0.668630032895853,0.6205463082638021,0.6742175496442441,0.5450357752596806,0.6151518612749763,0.6849943620904427,0.5560196514699157,0.6884555427869102,0.4915137368126303,0.6598112538190091,0.6601120107916777,0.5909631214216475,0.6764650033271474,0.7145193833157795,0.6529240227088502,0.5772515978270739,0.5794774188713014,0.6116568885636497,0.6563656180092069,2017-10-22
22,0.5733221526646165,0.5661889198004567,0.5107260873541609,0.6408112017799289,0.6114733817607245,0.6173997049086889,0.6124824326063832,0.5650289129185739,0.6012379200399882,0.4771948314132424,0.5626513683282488,0.6409272860200802,0.5136788334228595,0.6484090139388554,0.43415347654042025,0.6188916396602905,0.6032216716526941,0.5618185936369808,0.6257926961090726,0.6385158917791147,0.616916249678263,0.5437584405710791,0.5159706721950739,0.5611411029482347,0.6090213706417107,2017-11-05
23,0.4937735152258669,0.5186161735815173,0.4353840099607015,0.6276221225799173,0.5523684363441296,0.5749604257921472,0.5547807706725005,0.5099715897628071,0.5174792040973606,0.42097087949967543,0.5167532716715717,0.5977465030353957,0.47313512681196346,0.602196692908149,0.38353552837354693,0.5731539023694788,0.5375282698180095,0.5374303596820906,0.5697664626822235,0.5578080994054941,0.575992265881459,0.5159551186034144,0.4498759131663954,0.5111670689412784,0.5574469108592943,2017-11-19
24,0.41232102644645297,0.4748711535760546,0.34870113125084334,0.5997431286895005,0.5079598664064137,0.5322664652058205,0.5081107964645583,0.4629598396470812,0.4332257799455166,0.39000321091003487,0.48709794791097294,0.5640219816030061,0.4303782750884447,0.5520104635413573,0.34241161121999975,0.5234866651569929,0.4685408120962543,0.5145666043199228,0.5142591547249263,0.49631610590706354,0.529087914426748,0.49214257648785487,0.39067866906837545,0.4661665754124465,0.5040692469245655,2017-12-03
25,0.3359423295775949,0.4380847056639078,0.25121681981731164,0.5463355739882971,0.4912888845581299,0.4914602870257029,0.4845308527214469,0.43134614489427126,0.35866032362204475,0.3971728909765158,0.4827628962876234,0.5479520601883752,0.3817698429363624,0.5001548225915908,0.3135005126890587,0.4709541590129149,0.4018456072520096,0.49019795222105456,0.46505074510264516,0.47691142895367344,0.4754097759486854,0.47074294998415805,0.3474919693099334,0.43049514961478463,0.4513842923068455,2017-12-17
26,0.2725299349817425,0.4099754269949618,0.15209377147725373,0.47293376028315015,0.5021880016054954,0.4561337770134798,0.48470533049082315,0.4174489179285398,0.30176836640167176,0.4389804722157582,0.5006653641219317,0.5497064821890386,0.3317041214259198,0.45136712590100675,0.29880958142765907,0.4204143983929174,0.344698974814221,0.46566848563191254,0.4259146776693453,0.4998123004552489,0.4200133721284983,0.45279655700993027,0.3213814989352892,0.40686078324939073,0.40337657011693795,2017-12-31
27,0.23085952885924454,0.39089858671212463,0.06881929461005043,0.40087777344181114,0.5277385799743458,0.43127803440419676,0.49829935906048484,0.4187268829786033,0.2684144045551208,0.4961134202451803,0.5259835816165489,0.5617045088950827,0.2923298719428726,0.41273331342642516,0.2996593715811393,0.38038776341202213,0.30596939539841755,0.44654424648209684,0.3986873740390946,0.5433683832293944,0.3736005566078879,0.4418712030191102,0.3056443610657492,0.39638100359504186,0.3654676472190877,2018-01-14
28,0.2197428043276643,0.38115387132506706,0.01922009052512008,0.35215209825436733,0.5545021201056141,0.42194120411003133,0.5145296298300985,0.43244063567519425,0.264376460144336,0.5486145040244843,0.5434171813954924,0.5760494158600827,0.2761120042080018,0.3914350764690268,0.31734243680875074,0.3595439481626524,0.2945910771324635,0.4385634052245058,0.3851262837838835,0.5850377625356642,0.34710338294881604,0.44163773866974376,0.293260935159947,0.40010849498721035,0.3431376784882641,2018-01-28
29,0.24766832424813673,0.38106007171872613,0.020684266657814643,0.34818574299434135,0.5693757145896937,0.43301917356611486,0.5228883395368862,0.4558734992113002,0.2951829798330911,0.5770211412911223,0.5381499084264683,0.5850531495036939,0.29516558824396094,0.39446821474433946,0.35305115060875986,0.36631611738436587,0.3191882164392231,0.4473225702092936,0.3869572490922342,0.6028261556810477,0.35117076039728085,0.4556627092957408,0.27750762954447555,0.41902373742818827,0.341744489677407,2018-02-11
30,0.3126723816905508,0.39155394654955045,0.07641276780758055,0.39243975936563363,0.5701118297128929,0.4644827691953044,0.5217794350862145,0.4870439635049699,0.35828941389116653,0.5778711161180912,0.5110250527827251,0.587777516855799,0.35028945600600914,0.42281550700648063,0.4047373664429635,0.40148643885645774,0.3783570847340878,0.47383925123218584,0.4048837105272068,0.5924534920967635,0.38729275057842405,0.48413870385631425,0.2612364757887339,0.4517716228548281,0.362688935747201,2018-02-25
31,0.40032140806144456,0.4143095079870601,0.17268084138960998,0.4669389046335938,0.5674137080996351,0.5104270764825355,0.5202388403601829,0.5248475937453762,0.44151989324312824,0.566791114678325,0.481568197003853,0.5913371048436147,0.42878183852077856,0.4702860232300247,0.46648690318171193,0.4567092186031523,0.45873034743001145,0.5136679604188332,0.43838935379588073,0.5707732711539711,0.44603264369751405,0.523233083289306,0.25872350231285257,0.49421061875644323,0.40265109049109815,2018-03-11
32,0.49545124167536736,0.45104396293205884,0.29477208006623085,0.5524520112540247,0.5727433616361001,0.5646029288387869,0.5279253930424291,0.5682313418292216,0.532134262250442,0.5605262172684737,0.47039949501979766,0.603318302369642,0.5171499840403982,0.5302685350558705,0.5321590737210184,0.5231039730156437,0.5462397377133831,0.5620431399159999,0.48688640074344547,0.5558771807959246,0.5173135445325376,0.5688773756207351,0.2849140547601487,0.542035939612195,0.4580344432301102,2018-03-25
33,0.5830136272166851,0.5033955680350135,0.4279905728389869,0.629908898975023,0.5973822295173391,0.6207825747384786,0.5543451425579398,0.6161132459035158,0.6174735114551808,0.5755994101022128,0.4978125858927829,0.6311729371612034,0.6019854911161436,0.5961575433960845,0.5956442641315779,0.5918276415427123,0.6269190395326548,0.6142049270702005,0.5497110700808361,0.5656107136362155,0.5911035221406562,0.6170089933269518,0.3544437683146141,0.5909605841304999,0.5252117347160632,2018-04-08
34,0.6540912656961753,0.5688264459035342,0.5587245782920099,0.688754933840588,0.6430602199500542,0.6738710288611124,0.6009222862086401,0.6658819291496911,0.6891709208581052,0.6167858425381394,0.5668298543346681,0.6752351203821968,0.6743417320655171,0.6616506033552488,0.6524764998905734,0.6560166849659451,0.6922000901639483,0.6656947111867115,0.6221793364416361,0.6047966715052029,0.6597490656115398,0.6638766113976438,0.46556590588027497,0.6376382614659353,0.5989292365509633,2018-04-22
35,0.7088243843430767,0.6386291362007164,0.6749640454956682,0.7310158657260951,0.6973963524398255,0.7204467902588837,0.657141352572504,0.7126665440545441,0.7452009548102552,0.6715050778468026,0.6549581160700975,0.7253236535194518,0.7318636500339442,0.7208929850677355,0.7006180258630567,0.7117319963116445,0.741489503890587,0.7124989340829423,0.6936678944847265,0.6590188734507516,0.7191104065337507,0.7061887463586777,0.5923313451953737,0.6801124328894604,0.6715303673097038,2018-05-06
36,0.7480825183776824,0.7035994065092481,0.7648278909273956,0.759730411429395,0.7468734439969412,0.7572231062029258,0.7115254934011095,0.7514143115273741,0.7840486670121094,0.7257792152099786,0.7376496845335961,0.770410649991675,0.7727269385243387,0.7680660084834039,0.7382266060614596,0.75526994259249,0.774836020501021,0.7506398730070493,0.7530752106814931,0.7123120241660361,0.7653307014823372,0.7406909409723198,0.7068421986864983,0.7165384618956249,0.7351650689079088,2018-05-20
37,0.772745241934509,0.7545751345281085,0.8165273694295903,0.7779336263974826,0.7780519606257219,0.780937285629489,0.7526555439434978,0.7771062394876721,0.8042300957055151,0.765701235635281,0.7904892836752779,0.7995294146106451,0.7951371342191453,0.7973910866606959,0.7634775884271596,0.7829563678541933,0.7923090691389947,0.7761665151844488,0.7893719612345267,0.7487979002307643,0.794584934038399,0.7641507295897361,0.7813593432590137,0.7450817658080617,0.7820245336848433,2018-06-03
38,0.7846942436826954,0.7865977560949223,0.8274912284506701,0.7882950790510279,0.7852435238618698,0.7907285450719325,0.774870479216019,0.7880960565733224,0.8073542490054042,0.7844397566309871,0.8022792523429831,0.8078215606188774,0.8002788095112218,0.8070918470361771,0.7763016014407027,0.7940596020109486,0.7960433524619076,0.7877941179006219,0.7987370143446568,0.7612900551541663,0.8062251550081997,0.7755309129408939,0.803992002383461,0.7649113653311507,0.808417695019017,2018-06-17
39,0.7876524696271058,0.8024322076967152,0.8120841796342313,0.792812802127816,0.777001512534713,0.7901492991863001,0.783089119871818,0.788934434535539,0.8007130717282929,0.7881639731460403,0.7861076068699183,0.8016519370452115,0.7948101340377288,0.8027454742779161,0.7798543771584641,0.7932544165596522,0.7919682491606016,0.7891368687903327,0.79059336943278,0.758572071298517,0.8054408700320765,0.777827813059154,0.7919687101122307,0.777040274069398,0.8182193089900182,2018-07-01
40,0.7855404617212829,0.8056722792394939,0.786488430661498,0.7934127619967678,0.7634076706231361,0.7832255683831599,0.7833656708446153,0.7848370748471446,0.7922083774184642,0.7844382471073608,0.757668599767645,0.7885898231083441,0.7859766807385536,0.7907183057102286,0.7776377521102618,0.7857957794383947,0.7864203665061982,0.7843346879707621,0.7757853300591324,0.7511413669687477,0.7980480357104951,0.7744706124222032,0.7656429617335234,0.7826793951451887,0.8161160637659862,2018-07-15
41,0.7822711749291593,0.7999088275878316,0.7668566423630484,0.7920164333926628,0.7545250834604379,0.7739781675138112,0.7817430466209901,0.781009858796192,0.7897240668583909,0.7808129195851568,0.7326327734191711,0.7761920309369619,0.7810081523438617,0.777368028248024,0.7731494670273845,0.7769305103219206,0.7857207212095568,0.7775215131577362,0.7651364036469894,0.7494758347633649,0.7898528486533158,0.7688832793435794,0.7453335867416889,0.7830399631710158,0.806790146976823,2018-07-29
42,0.7799036844094173,0.788016021359536,0.76212170692087,0.7894477609026243,0.7558575990508808,0.7651559337809526,0.7815053425742812,0.7802591069536928,0.7967670600932868,0.7814123373559139,0.7208771037515538,0.7689690410330225,0.7832563681516881,0.7669386025285541,0.768886454867661,0.7699144019242011,0.792380778854213,0.7713694831681919,0.7643885645847514,0.759282263762334,0.7842766531887576,0.7632157018871262,0.7428888329567718,0.7794142123189203,0.7938240403901144,2018-08-12
43,0.776233243518377,0.7712196855401039,0.7646114448803345,0.7840064300118252,0.7624230697745089,0.7565822256076672,0.7795915215344499,0.7798722819407364,0.8067774617021297,0.7824812483553705,0.718953681821566,0.764424938354133,0.7871542284028015,0.7588125347617831,0.7650438456390375,0.7634239942264301,0.8001502465170867,0.7651886795820748,0.7675965401792357,0.7752941668137612,0.7792557642892667,0.7566874534699569,0.7506750752536057,0.7732806713022637,0.7782709626471922,2018-08-26
44,0.7684578790249758,0.7505147643024686,0.764327831400569,0.7736385573371781,0.7677705916532794,0.7476706343608625,0.7720517939325476,0.776363828918381,0.8117853337890012,0.7791607179209431,0.7215482037268981,0.7590824334255801,0.7858853748467337,0.7516913951401984,0.7614943595527315,0.7554944187248487,0.8015515860066668,0.7578182660884565,0.7671780440406338,0.7907080478052144,0.7719582177834398,0.7481076631009644,0.7583298942388257,0.7661439628079173,0.7608298626155787,2018-09-09
45,0.7537772244447978,0.726896282258801,0.7512770520573402,0.7562917035275987,0.7654517192036409,0.7378346584322686,0.7549387310868765,0.7662503664341134,0.8038244595941904,0.7665941937301175,0.7233470664335535,0.7494655209194272,0.7726368688322002,0.7442769488936307,0.7581108609390657,0.7441617308135852,0.7891109566574197,0.7480975112466218,0.7555540493008138,0.7987229297454873,0.7595535126344587,0.7362861576263182,0.7554949055908803,0.7595082436252816,0.7421996522919735,2018-09-23
46,0.7311147767080802,0.7014455665268837,0.7199826089664882,0.731462717631725,0.7516557026332844,0.7263880440181572,0.7268378781145279,0.7483803189596325,0.7789209945093978,0.7424811137860103,0.7197886219504144,0.7334759445464983,0.7442646276133176,0.7354802149887614,0.7549208381653186,0.7284532272690905,0.7593215587610292,0.734978197885443,0.7286426393406839,0.7952405771893454,0.7407809311852698,0.7207814669637855,0.7361409157076486,0.7543778135155199,0.7230396853134339,2018-10-07
47,0.7043963371664732,0.6754943767133627,0.6780763469984238,0.7031441715878953,0.7302258537805928,0.7123550765349309,0.6936849599236967,0.7283685421034731,0.7446861537954412,0.7119378852079183,0.708493244367534,0.7130133982320048,0.7082708493276633,0.7248194245902614,0.7524004674107763,0.7102725877107533,0.7201881464547679,0.7177386025823347,0.6925098071216018,0.784005566291613,0.7189349509726551,0.7033247065466359,0.7068011705009984,0.7503064878213801,0.7038945249248874,2018-10-21
48,0.6784499205195095,0.6504196403145522,0.6355543257545062,0.6761394838679187,0.7063859675547445,0.6947078343845278,0.6627413765031437,0.7130502819132349,0.7108206288364219,0.6814186362879657,0.6874748562840448,0.6906986443815469,0.6740778904856742,0.7119223253783662,0.751106849984209,0.6920422748578898,0.6817916924862554,0.6957158881785452,0.655051817956484,0.7701769991364469,0.6981316224645637,0.6860388383425309,0.6762746717538256,0.7465864731763148,0.6852880308284011,2018-11-04
49,0.6581035078541948,0.6275982793046662,0.6024125477017117,0.6552520414669551,0.6853598065775054,0.6724184002085748,0.6412684769883682,0.7092607238395009,0.6870250492019323,0.6573774566376828,0.6547474104606731,0.6691524330087943,0.6511080448041779,0.6964166655565558,0.751597068322819,0.676184734021713,0.654213106451935,0.6682472317151369,0.6241648937455635,0.7589139407726987,0.6824869651744555,0.6710468075967422,0.6533603634738249,0.7425099737125325,0.6677440602010836,2018-11-18
50,0.6463408280822543,0.6081042289770006,0.5855121659097342,0.6435581705547577,0.6705995876912623,0.6446914798839565,0.6337373937249557,0.7205102162135507,0.6796084059576283,0.6441461090232129,0.6099797659737679,0.6503155936375109,0.6453382461965015,0.6779589027160587,0.7533927596251644,0.6641672626866836,0.6440683191456088,0.6354489255982098,0.6053632892456956,0.7533434031242113,0.6744185876766519,0.6595540354627687,0.6436871798693663,0.7372319553058971,0.6516479307435277,2018-12-02
51,0.6393426697765765,0.5918937898776274,0.5801507340084522,0.6377635437026918,0.6590227813484161,0.6115898625866321,0.634326914763806,0.7380446953398513,0.6823688661601433,0.6382276746983736,0.5589452773057093,0.6336209156275536,0.6500364414302844,0.6563113955036305,0.7521960876593006,0.6539338800311517,0.6451919051096624,0.6003112050798987,0.5953748358695382,0.7490967115920854,0.6700791265179731,0.6493814484249751,0.6411907586314601,0.7294011495533427,0.6368739260331545,2018-12-16
52,0.6317215954130554,0.5786656233715862,0.5789601437942602,0.6331052589054995,0.6460404564579777,0.573374144404862,0.63484321835502,0.7502828831057561,0.6862205791136929,0.634320553111588,0.5088245182481587,0.6179230303892088,0.655540878596486,0.6312609150686652,0.7428287442778833,0.6426164127532432,0.6484720575528077,0.5664868119092257,0.5889019028470309,0.7400772723786097,0.6641770055752598,0.6375697731422219,0.6371111776130095,0.717549590011269,0.6231785251380845,2018-12-30
53,0.6180901674675853,0.5681183908239168,0.5745722870635536,0.6248204141579229,0.6270636819289586,0.5303049214269071,0.6270924827486994,0.745643501398618,0.6820776941224933,0.6271231437112795,0.4667980625927777,0.602076569332763,0.6521898057860659,0.6025942325605571,0.7201124213335679,0.627346687551084,0.644796969683757,0.5376284878352124,0.5806468594081129,0.7201884916860729,0.6514206487253532,0.6211597362733697,0.6226885146669175,0.7002093102360756,0.610318207126438,2019-01-13
54,0.5951360909867862,0.5602536624597512,0.5617722105367088,0.609762300448711,0.5995359942965822,0.48405361837425,0.6053056553498701,0.7160182344120225,0.6636273136708672,0.613034059983735,0.4391140571321438,0.5855184594658802,0.6332813802659112,0.5709305212353544,0.681296402679152,0.6066159484267855,0.6278397348728514,0.5171068993225159,0.5669696501941118,0.68559794402826,0.6285756105364876,0.5986153473817271,0.5919569851465271,0.6768340641615411,0.5984467647597231,2019-01-27
55,0.5693116392588796,0.5564983439375926,0.5454766157353491,0.5923891931200794,0.5704646916973088,0.4429303038189859,0.5751234171488103,0.6696407651583945,0.6376046512211004,0.5964522601781758,0.4276331202107524,0.5704256154855446,0.6060415903565548,0.5408058163948916,0.6350529886302791,0.5853121675980717,0.6043777739028722,0.50696540964115,0.5520299288631874,0.6431272314060149,0.6020872590515857,0.5750978633636978,0.5520985980480642,0.6512147542391187,0.5895875474878075,2019-02-10
56,0.5499385660989811,0.5586981994019684,0.5335795591893331,0.579394218453851,0.5496675424286536,0.41719592206913525,0.5455393888183171,0.6195471443760964,0.6145793243215192,0.5841277367050548,0.4329265220799274,0.5597801429711123,0.5817893488173218,0.5179071882960395,0.5934113225792664,0.570203102092028,0.5850394317754339,0.5088573319763667,0.5422794230890084,0.6027288187165929,0.5812455362447803,0.5577366384580995,0.5141590598601988,0.6284168260342816,0.5863133050390391,2019-02-24
57,0.5463390125208205,0.5686990495168435,0.5339754991833741,0.5774708042955566,0.5469626940240742,0.4171116806777117,0.5255476434662495,0.5787740708197824,0.605121467922793,0.5828107992159285,0.4555653590104442,0.5565642561518472,0.5718441206937984,0.5079218625126807,0.5684010008802048,0.5680567625879482,0.5804535731236693,0.5244359268812948,0.5441701698304524,0.5743555933259731,0.5753407679280015,0.5536612924725717,0.4891845984267044,0.6135058970953149,0.5911968612760995,2019-03-10
58,0.5658250595887598,0.5878654344739238,0.5529977130644749,0.5919565738990832,0.5698777604915463,0.450358656591844,0.5228337679340688,0.5585618578915932,0.6177258840310078,0.5978657317407451,0.4952942510440368,0.5633399370211412,0.5853316705635068,0.5155757074940519,0.5697735449168793,0.584142440817569,0.599048619950705,0.5544807748408012,0.5628325767761978,0.5663068641639213,0.5916838050512094,0.5684860191043936,0.48645666211246874,0.6107545307678676,0.6062158500426763,2019-03-24
59,0.6035975760190349,0.6146620356819158,0.587572896124012,0.6200200223701134,0.6121392063129669,0.5090718682126989,0.5371993279762448,0.5593270599957498,0.648382872986612,0.6263055994174402,0.5468780517663407,0.580137142671453,0.618160061608919,0.5398021274981517,0.5935543930679446,0.6146991986283211,0.6359946693225242,0.5945072726349964,0.5954338399993182,0.5769186355425752,0.6256585705149637,0.5986941165140033,0.5046233751255041,0.619656901646194,0.6297617073131921,2019-04-07
60,0.6503433835444199,0.6464727097389616,0.6311217566280861,0.6557848771052888,0.6623295817529132,0.5795920635854307,0.5655073857043149,0.5774520394795682,0.6884221027836803,0.6620308314756583,0.603225574335052,0.606042103090343,0.6613109034589233,0.5773755806132898,0.6306530480151925,0.6526003834537909,0.6815202236927808,0.6380687696543659,0.6361731363243722,0.6008134251418699,0.6682036260094166,0.6373656487123893,0.5383696477977195,0.6379262006617211,0.6588892344454401,2019-04-21
61,0.6967416361274968,0.6806794773039024,0.677059047410144,0.6933696935171827,0.7090226993839865,0.6482501483380269,0.6046160117508343,0.6093123060240729,0.7291653246493788,0.6989365698768949,0.6572424791512558,0.6401394452066106,0.7057574374392312,0.6250668576413814,0.6719703222740556,0.6907136255684939,0.7258453914926448,0.6787152824644278,0.6792446009603554,0.6326074427406019,0.7102499821273778,0.6775748988187006,0.5823736583615718,0.6632725934841776,0.6906509623274757,2019-05-05
62,0.7343771156971383,0.7146988630277056,0.7192300325342609,0.7273297207724828,0.7420514286960495,0.7026907056017487,0.6511222363860083,0.6510676968428826,0.762709486558284,0.7314229172783551,0.7024538724697227,0.6810806537595104,0.7432409230042671,0.6793065174659942,0.7091075893331078,0.7225779579057059,0.7601530243716574,0.7107447910515571,0.7192066564409345,0.6670835024449772,0.7435988291097995,0.7129426129367175,0.6313254405393044,0.6932888062995047,0.7221578879601775,2019-05-19
63,0.7618875778964924,0.7462161064846514,0.7548327704860051,0.7556211515639198,0.7610540953626934,0.7407891563844503,0.6995901239353687,0.6971984055209807,0.7871887200596711,0.7578225785162274,0.7372090659431204,0.7241439293240465,0.7714838965516672,0.7338754141623506,0.7391221475338816,0.74696125513084,0.7831237576891303,0.7342803675402961,0.753454772101542,0.7003219223977886,0.7668282616368675,0.7413453565683541,0.6800073578629209,0.7246529539708969,0.7509763387585378,2019-06-02
64,0.7812184425760689,0.7730424676724363,0.7826376945465802,0.7777951340779021,0.7702675331152,0.7652189228813755,0.7436303297139495,0.741396915758606,0.8035684413257658,0.7783125482250423,0.7621198001186521,0.763025488514501,0.7910139603223343,0.781311758048626,0.7616299843730463,0.7650835848911635,0.7969544955182585,0.7521769032211942,0.7807149196360426,0.7290115169357148,0.7816945691699272,0.7626555656194797,0.7232450741827552,0.7536142220533637,0.774886180451214,2019-06-16
65,0.7943341414982542,0.7929899309335019,0.8014242757498695,0.7934119840436695,0.7739550071556637,0.7786810054124024,0.7768480289980176,0.7773511836286539,0.8128303402888777,0.7930804217148895,0.7778108196140903,0.7914124549605728,0.8023748396160064,0.8141466169302992,0.7762617942732735,0.7781791096373918,0.803862352868635,0.767304991433736,0.7997207182478441,0.7498445979318512,0.789972308913153,0.7767571479320066,0.7558645022322774,0.7764193306865359,0.7916685061501021,2019-06-30
66,0.8029949542516834,0.8040695969289582,0.8101061951857562,0.8020325082314333,0.7760664777147982,0.7837410653510698,0.7935650404050656,0.7992727043573541,0.8159329619498055,0.8023109238039325,0.7848858480405365,0.8035951188698108,0.8061799426336215,0.8257197917803313,0.7827706195534041,0.787305072936014,0.8059494776870207,0.7820245590078706,0.8093213894063255,0.7599464578537827,0.7933102664499196,0.7835608863014956,0.7733120183659193,0.789688035080786,0.7993378267744511,2019-07-14
67,0.8068733745711835,0.8063288524183712,0.8089696486286714,0.8032225350987814,0.7773478554403153,0.7815807046585515,0.7954320186974426,0.8067270069691724,0.8135981569861485,0.806159423892136,0.7837336352493098,0.8000321233288383,0.803755297837299,0.8176416869924128,0.7821607074652142,0.7917094368897334,0.8041422939343619,0.7934731425582815,0.8095483745451602,0.7608703153750239,0.7920710093141368,0.7832524033501889,0.7773792420322576,0.7938549768097286,0.7982957274894815,2019-07-28
68,0.804419166843241,0.8010076522446952,0.7991046566240411,0.7965508340967574,0.7766685723882517,0.7725709392580618,0.7883918131780192,0.8024152554221905,0.8064091540539833,0.80476409913185,0.7746170299008912,0.7847946591778738,0.7968442857398861,0.7963664554282893,0.7761690839549504,0.7895805426917897,0.7986786529287826,0.7957297419378287,0.8011254921652871,0.7567626414005865,0.7858638206190076,0.776178283956856,0.7735739376759717,0.7915890177375378,0.7903418035733248,2019-08-11
69,0.7940666353642621,0.7893610299843925,0.781611403212088,0.7815862118620869,0.77287433457249,0.7570725360891116,0.7784415433071061,0.7890782603866594,0.7949474290838611,0.7982629092980489,0.7577972887713812,0.7619995940160759,0.7871955638194953,0.7684094939099884,0.7665420401628626,0.7790933337751295,0.7897876997321134,0.7828346851101944,0.7847853151267713,0.7518026957050348,0.7742884590110033,0.7626871481939006,0.767450856375759,0.7855872690273831,0.7772933266298742,2019-08-25
70,0.7745116441327601,0.7726524451117733,0.7576787548339283,0.7581779730737003,0.764947920709878,0.7356607146396525,0.7711983019677915,0.7695119691911576,0.7798547886011121,0.7868223743470967,0.7338467103733997,0.7357551727604548,0.7764884284048608,0.7401495973369282,0.7550615349720882,0.7587500645413867,0.7777588052870507,0.7497525701006812,0.7614233002544359,0.7500028498967233,0.7571011066948163,0.7433194469746225,0.7642515004948727,0.7784297822164613,0.7609468113615885,2019-09-08
71,0.7480472715857311,0.7522612379541644,0.7297152215163083,0.7300330946714241,0.7537572619404332,0.7118600470594013,0.7670526999835129,0.747270620222972,0.7626027620772025,0.7710018006471517,0.7076153310230823,0.7100510531126754,0.7654482562185894,0.7160868827985474,0.7440000635321284,0.7315544769414971,0.7637096233584494,0.7041594240421039,0.7341750374865111,0.7530802729351833,0.7362092294162186,0.7212538689265392,0.7649092821481321,0.7710866950313853,0.7428133040867101,2019-09-22
72,0.71958230066859,0.729651011279972,0.7010161737387369,0.7036636492871501,0.7415410727635368,0.6913397191112531,0.7625949262344573,0.7264598411109473,0.7452662097241088,0.7516461081170085,0.6870637322236349,0.6887906624094574,0.7541067839857047,0.699355392021956,0.7359868130789347,0.7037835571209401,0.7493600912695162,0.6629743545100902,0.7078050233455863,0.7610831835355478,0.7150845927850895,0.7015874899185653,0.7672249975670935,0.7633575008336569,0.7241962735791412,2019-10-06
73,0.6940845033809605,0.706287268134063,0.6748969823512373,0.6856449697342283,0.7305689814204074,0.6798172816269709,0.754329462941167,0.7111976943479417,0.7299335979962723,0.7296066577979837,0.6802226441200819,0.6758754833306765,0.7424801055452365,0.6930583591666097,0.7336590149255915,0.6817881090355074,0.7364437289699961,0.6433249179213193,0.6871144892600849,0.7740221624472989,0.6972342403141406,0.6894606490584925,0.7689287966058016,0.7550152927535241,0.7063945073489111,2019-10-20
74,0.6762783980624042,0.6835900272127048,0.6545072784881242,0.6821319245922659,0.7229549042842871,0.6825801592804994,0.7389257967618547,0.7053372102772874,0.7185480324118672,0.705739425204113,0.6945101159717955,0.6748889947563301,0.7305583771724506,0.6999583641977883,0.739381000229206,0.6715790797816784,0.7265671250806148,0.6612287985374412,0.6766118723344338,0.7917071136940063,0.6859610180829604,0.6896454953493478,0.7677507081423519,0.7458252375465664,0.6906443028264851,2019-11-03
75,0.6662304083092111,0.6621083217352913,0.6398229227501372,0.6912278602708877,0.7178310117045467,0.6966792371839488,0.7162131049572464,0.707656285482024,0.7102690837503545,0.6809887489643183,0.7256118941736808,0.6833251810520652,0.7178350734919108,0.7162947573347089,0.750291300947549,0.6726594549748433,0.7189062443362766,0.7114505999894132,0.6751988545635376,0.8101051575901633,0.6806575699995808,0.6998636594542549,0.7614184444712571,0.7354007188290456,0.676985327097483,2019-11-17
76,0.6598165485425812,0.6416076487900686,0.6279646605253568,0.7037929960571381,0.7116471035368545,0.7117558321917692,0.688863013733604,0.712367240221382,0.7017522626225758,0.6563784589217987,0.7586593778439541,0.6931999341249199,0.7033568556860093,0.7324386093206056,0.7588273345014416,0.6786776760434395,0.7104504689325222,0.7696357132295661,0.6767332965199558,0.8217264568313434,0.6771989328903365,0.7114941451966075,0.7476576338948328,0.7232185765240023,0.664380761891903,2019-12-01
77,0.6527634450297279,0.6218255723896993,0.6159514522989535,0.7104293336405131,0.7007573530859577,0.7171871099317407,0.6596484826474743,0.7135196318857637,0.6895638098543875,0.6329352187828117,0.7784077034519296,0.696333851798332,0.6861544560307921,0.738551786641713,0.7572589235034143,0.6830734698221793,0.6981112293624583,0.8107479289730217,0.6748932464620231,0.8189579335188183,0.6713347408329449,0.7156898416517107,0.7241938304210394,0.7087507827696344,0.6517554122196304,2019-12-15
78,0.6409378130155564,0.602542564291663,0.6009106129212615,0.7020450447300891,0.6816707294182244,0.7027043601371741,0.6313034793476358,0.7053470235203367,0.6704203325338252,0.6116920784982811,0.7701024650645222,0.6848170622762434,0.6653382570405841,0.7251366292540746,0.738143012989424,0.6794627990824661,0.6789380923781254,0.8105196934877018,0.6635587021803109,0.7944958405999206,0.6589629637315267,0.7038942158545524,0.6888991376159186,0.6915216174874064,0.6380910690978037,2019-12-29
79,0.6241359305769766,0.5847426790192948,0.5830088490138088,0.6781365165322628,0.655238296755829,0.6679722230871434,0.6054682298192317,0.6872444248005246,0.6452562833266756,0.5938612252366983,0.7327468269583992,0.6583001498582705,0.6422528685119465,0.6922459207980813,0.7020904693097076,0.6664051289175685,0.6538554128683806,0.7662446089630417,0.6422744424417061,0.7497133092139534,0.6401424623732127,0.6757015855992874,0.6437564442476645,0.6725226189394149,0.6239680083047066,2020-01-12
80,0.606522211504214,0.5707478840109881,0.5657914811330836,0.6477468701857527,0.6271378295000574,0.6236973366382733,0.5825671474427201,0.664344353700223,0.6196947081822761,0.5808539766324871,0.6806369863329247,0.6248379666194387,0.62072648643167,0.6505487999437037,0.6586649667550217,0.6479551639586298,0.6280947934149063,0.6991838432510061,0.616882265083314,0.6956287626435962,0.6195573795020102,0.6397668242220355,0.5953182231371945,0.6543763423309605,0.6117433949752412,2020-01-26
81,0.5924891810919796,0.5629500148017231,0.5529802668234244,0.6204177735739632,0.6032991610981888,0.5811629706122292,0.5629611537886366,0.6420789506720819,0.5996034993958698,0.5740920492529693,0.6288677686758419,0.592924249846261,0.6047170038975219,0.6112688095454166,0.6178977105315316,0.6284545796272539,0.6071127684274881,0.631850191401281,0.5935528090287241,0.6437643177942599,0.6021333979822653,0.6052179627380259,0.5503755785861185,0.6397905173566847,0.6038671864401214,2020-02-09
82,0.586386470418174,0.5637091335244476,0.5482603044067342,0.6055730864347147,0.5895851527426892,0.551535437104005,0.5470469194423072,0.6258352710316736,0.5907795080751685,0.5749770879860499,0.5923613529596868,0.5709770872490515,0.5981353841250692,0.5855061996755134,0.5897105043668994,0.6122257127095178,0.5963062157143022,0.5864781547694611,0.5784029757524901,0.6055155176383147,0.5927476213689427,0.5810913855092753,0.5156754604832732,0.6314445422626902,0.6027618218752123,2020-02-23
83,0.5906616865701045,0.5739763997274588,0.5536911415891436,0.6074127960154099,0.5888889684305794,0.5407948851646792,0.536806304994436,0.6190011958767275,0.5958694626993226,0.5840207152732012,0.5783843916491376,0.5640600978122566,0.6028116160526805,0.5788941470565615,0.5791740496212134,0.6027333823247354,0.5984267080541328,0.5729620797446461,0.5751668299539237,0.5866653383469695,0.5941230397079387,0.5723596625649301,0.49600691486400517,0.6307615365046869,0.6096295248983943,2020-03-08
84,0.6051467022739166,0.5927653975549466,0.5690968082165923,0.6229528251988151,0.6000197337688375,0.5477892589185595,0.536401183478545,0.6222152673263794,0.6131879255696904,0.6005105614785872,0.5836753715083298,0.5726237099648491,0.6177138551463409,0.589547305150336,0.5846876306718506,0.6022631173007473,0.612587896046363,0.5842256711638137,0.5843014702893936,0.5852781448075005,0.6060202257720892,0.5784066548324456,0.4934664053300258,0.6374369380709163,0.6239944331628959,2020-03-22
85,0.6294831956726988,0.6189488266822506,0.5941387857533312,0.6486867310851548,0.621489616848297,0.5708479074971011,0.55015194041466,0.6359161182932028,0.6407344596695981,0.623645258379105,0.6042072581095268,0.5967829190477589,0.6416021679956794,0.6150336425495261,0.6041654415941028,0.6130146982225215,0.6376389106578093,0.611958669076785,0.6060257215295541,0.5988570682908309,0.6279843498352387,0.5982098585054532,0.509954613143326,0.6510405622330168,0.6452586677803898,2020-04-05
86,0.6632882265493443,0.6513871460016218,0.6284540393459661,0.6811034156384721,0.6517939556413938,0.6082720470625216,0.582308646936477,0.6605114625321394,0.6764935826177116,0.6526100401477374,0.6359445108306948,0.6366053222963735,0.6732187750394314,0.6528993652572893,0.6354993447862686,0.637143283786451,0.6724043559812083,0.6478735696742798,0.6405221308118247,0.6248890722652136,0.6595355405341431,0.63071586855937,0.5473087088524036,0.6711278980295005,0.6728104550408555,2020-04-19
87,0.7042318031909042,0.6879726981363038,0.669740553129998,0.7163236088653033,0.6880970040459025,0.6561378739380218,0.6315602510971312,0.6939636359727741,0.7172598830717889,0.685530532415932,0.674178839191595,0.688409828911333,0.7098944552346016,0.6989694889877094,0.6748150035680034,0.6732749140063359,0.7137690201959912,0.6854826388241112,0.6851040687932914,0.6595824182819405,0.698213398291456,0.6724273209621093,0.6023428383715979,0.6961213812241136,0.7049390880337946,2020-05-03
88,0.7466593824821346,0.7249447865852086,0.7123855400295563,0.749839394534411,0.7252902165824686,0.7067224076701583,0.6871001947572899,0.7300595409232415,0.7577961698398694,0.7187231004693433,0.7130532458137586,0.7421145384129472,0.7465499794991848,0.7461301315359523,0.7152223317340145,0.7140097294833826,0.7553054946914461,0.7213712130430077,0.7321858448008723,0.6969620099994959,0.7381758113021155,0.7156738406631807,0.663294433734326,0.7225087818249496,0.7380574534359972,2020-05-17
89,0.7845913331794796,0.7583810739730578,0.7504524723234519,0.7770813848341601,0.7580428042248247,0.7519311688818753,0.737193410646031,0.7621777888467981,0.792666576050611,0.7483271927744009,0.746598408096351,0.7870116531742544,0.7778704583844629,0.7869800333315939,0.7495363508514904,0.7513586339190232,0.7902624908126648,0.7524251261673428,0.7737027180625136,0.7308392534807728,0.77324999021526,0.7523769986591725,0.7175622610834189,0.7465886903709623,0.7683949552901024,2020-05-31
90,0.8120622104903127,0.7843667216010454,0.7780197410676357,0.7934947528862,0.7810387812687043,0.7836920043648501,0.770140952164794,0.7837147401132798,0.8164508328617692,0.7704914335497592,0.7688641882894471,0.8124307581076731,0.7985565956791063,0.8141396754862191,0.7705931684203373,0.7773549515533621,0.8119098788938262,0.7755376255965277,0.8016123802580798,0.7550425380790867,0.7972802098623688,0.7744862418420068,0.7525812013891471,0.7646674271781032,0.7921888258912108,2020-06-14
91,0.8255747072965394,0.8002914993720182,0.7917612840196935,0.7970579613710249,0.791537621997831,0.797817034606414,0.780528093675785,0.7911546835130955,0.8264423933800737,0.7829608307658688,0.7772382005267817,0.8142051968371937,0.8060219834662904,0.8240119506960151,0.7748973912151726,0.7879326986640388,0.8171987387825377,0.7888917594226288,0.8117752877539193,0.7663549808057344,0.8070795461889377,0.7788008239953494,0.7620693396916539,0.7743961276904274,0.8070382452774704,2020-06-28
92,0.8268943572796066,0.8063270104094977,0.7938855555970519,0.7911512379455767,0.7922904862053061,0.7984008654240327,0.7763400324089322,0.7875663361874476,0.8257212139284392,0.7868843814118498,0.7762251889844374,0.8020363589434043,0.8034649394335354,0.821065035135275,0.7667760128471537,0.78734338589435,0.8109296393637635,0.7934208338690248,0.8083738108172828,0.7678601013725641,0.8057914868471443,0.7724613027300931,0.7531425155696458,0.7762934934513435,0.8134464916752774,2020-07-12
93,0.8184624623859911,0.8030020555332198,0.7873116626695789,0.7798484169110562,0.7867536864582024,0.7906016044500431,0.7672825653563031,0.7768638802825271,0.818110259290028,0.7838481672834787,0.7712437637151048,0.7874063425087119,0.7948265614766603,0.8108027172703182,0.751560450390407,0.7809065209923829,0.7989110530084742,0.7904112984968042,0.7966588843049176,0.7634504145501989,0.797372367815555,0.7639360973979017,0.7346368899424685,0.7712464321198594,0.812289740282245,2020-07-26
94,0.802720610746038,0.790846692858702,0.7749571595142222,0.7672208581179024,0.7783812042810037,0.7795743601176699,0.7630527884434504,0.7629593252680353,0.8074305123015318,0.775437567164397,0.7677076726022015,0.7817859845878204,0.7840455288725315,0.7987251639671432,0.7345788053228943,0.7739377945988779,0.7869471178591017,0.7811494250589456,0.7818786556835919,0.757016163435841,0.7857760232527613,0.7616847188249526,0.7153835205404442,0.7601416520362633,0.804444496951357,2020-08-09
95,0.7822788680773995,0.771131155557309,0.7588255827452787,0.755883202355154,0.7692547271016501,0.7687086003457673,0.7682254449341333,0.7484856172736092,0.796336175984405,0.7628240937820232,0.7681682850296669,0.7900167101824404,0.7736366702455699,0.7882004914962075,0.7192072743974999,0.7695057509910452,0.778290394380301,0.766816808962767,0.7676403247892757,0.7511102478970644,0.7734834558909024,0.7689221932492443,0.7012091973028698,0.7437485218128264,0.7909819256743685,2020-08-23
96,0.7601993263711095,0.7471115704583574,0.73846815466954,0.7445417053310542,0.7577740699023153,0.7566565700516723,0.7736319783355425,0.7326439686044544,0.7843509768370146,0.746068855007789,0.7674971934639874,0.7991531960811653,0.762294615257504,0.776876512906904,0.7035850834859207,0.7646498286601475,0.7693475463964192,0.7483141984168858,0.7531484201340584,0.7446974687196908,0.7590240538191805,0.7747925665364813,0.6898802435188207,0.7225215869401106,0.7734954592768772,2020-09-06
97,0.7396190990018634,0.722373656936552,0.7130290946752547,0.731253960333289,0.7417279788366203,0.7412842921005552,0.7678228997742953,0.7140660374601182,0.7704790859820457,0.7250486682998757,0.7592914018698437,0.7932981082263575,0.7480799671230965,0.7614516604540027,0.684982294818618,0.7554088343091108,0.7553890457256963,0.7264957303007001,0.7368767726711076,0.7361471211322708,0.7402713680313207,0.7661045680471577,0.6778252120939365,0.696863142702019,0.7536652099057191,2020-09-20
98,0.7236751410459522,0.7005029899709553,0.6816527847812826,0.7140776905103376,0.7189053793893221,0.7204579684550616,0.7393493846549396,0.6913836110311126,0.7537247197274758,0.6996404482447727,0.7371483403556821,0.7565550748018961,0.7290534334168275,0.7386245962969531,0.6606691790774458,0.7378218397399744,0.7316856870983841,0.7022155785766957,0.7172993193693281,0.7238285996025676,0.715099148663728,0.7296677292087973,0.6614728340007269,0.6671755460890106,0.7331712351620415,2020-10-04
99,0.7143312778986035,0.6840150464920015,0.6446888421450958,0.6920330011219306,0.6884241976839606,0.6933710700864576,0.6816854890968751,0.6641844124330488,0.7334269569409035,0.67044091518756,0.6978235372160912,0.6801587755983587,0.7040491185347999,0.706797777437458,0.6294608141729887,0.709892533154395,0.6959013258020832,0.6766027353420615,0.6936756665810944,0.7068467480018749,0.6828569673681273,0.658235599954676,0.6385714715355594,0.6343184536739336,0.71328936137476,2020-10-18
100,0.7095592866662898,0.6717838619486056,0.6065881840193726,0.6674148918596392,0.6539248221186545,0.6637336376684912,0.6050573622324702,0.6353091234574153,0.7100643818060718,0.6404962197393776,0.6488192273231171,0.5796101781177637,0.6745329224095536,0.6701715120391082,0.5954291095097779,0.6763100047711641,0.65384317370044,0.6517213725654568,0.6679389785513384,0.6868090742975497,0.6479164754945327,0.5647886576304599,0.6113600663853184,0.6007076688433989,0.6939198544512715,2020-11-01
101,0.706482563949206,0.661909601399294,0.5726733260943576,0.6432143351075289,0.6200087439030635,0.6362155624111934,0.5232512677326827,0.6082897368540657,0.684357743437379,0.6133730595435914,0.5999215097978128,0.4755672629954858,0.6425300478347468,0.634178253657598,0.5637631436851153,0.6431841103754462,0.6130490492217162,0.6298344043938491,0.6425905976216449,0.6658549466147639,0.6157166046984104,0.466605957574195,0.5830318873745473,0.5690897035642273,0.6746706495047519,2020-11-15
102,0.7022245063475477,0.6524924299025925,0.5482667840602932,0.6224223032496637,0.5912774542468452,0.6154867355245937,0.45005346926846596,0.5866582453728525,0.6570277909492217,0.5926381322435654,0.5609164837612284,0.3886880108668943,0.6100656976040357,0.6042504558486198,0.539651995296301,0.6166247057524047,0.5810567707941717,0.6132047449742051,0.6201318661335974,0.6461237330786884,0.5916962866352249,0.38096655512392186,0.5567802033277878,0.5422110698032382,0.6551496816483762,2020-11-29
103,0.6942842378656675,0.641965396385218,0.5370501655660473,0.6073046854040316,0.5712445186645304,0.6047994411922093,0.3969997091945765,0.5729626287525051,0.628912765945762,0.5806967569527943,0.5393067807074675,0.3357088420606024,0.5791523785778777,0.5845338471150836,0.5268901663058952,0.6011885555369038,0.5634407605439425,0.6032839049236819,0.602388912924799,0.6292427867556413,0.5797107773455277,0.32243938694154356,0.535037008246332,0.5223990183327214,0.6352363207210315,2020-12-13
104,0.6817907821244661,0.6302055947999222,0.5355868447810129,0.596981970794262,0.5587040979807023,0.6012564064362661,0.36586300351224726,0.5654822336436091,0.6013605906184549,0.5749162108438393,0.5326893851951642,0.31635450948481675,0.551747522856607,0.57359236275842,0.5232225069953161,0.5946951391875638,0.5572582580745276,0.5980035390079079,0.5882588011883193,0.6146183473758938,0.576745372763358,0.2938369371593719,0.5169318978268086,0.5101620514050611,0.6159874161663902,2020-12-27
105,0.6643150225530421,0.6174815944098107,0.5385104688852511,0.5897219422687452,0.5511709397174671,0.6002932358867838,0.3557697289142109,0.5613391959222642,0.5758573596966564,0.571297976396682,0.5359758972288657,0.325737965402351,0.5297936319750802,0.5684767344150179,0.5247538292630298,0.5931374828615066,0.5572575260453019,0.5943410819806451,0.5758445351636851,0.6010545189905073,0.5779229478342617,0.29478455874710957,0.5006991996973827,0.505515615219367,0.5987790278304364,2021-01-10
106,0.6414278506336372,0.6040619716128456,0.5404546498884693,0.5837923671348213,0.5461597680789086,0.5973455037895441,0.3658462138567194,0.5576556303737575,0.5538891704279957,0.5658435111989324,0.5440778678704838,0.3589720780233734,0.5152332071960375,0.5662376661422833,0.5275889151168852,0.5925085794277214,0.5581867850332439,0.5892739512044617,0.5632491046182551,0.587355394676284,0.5783663435601202,0.3249075465872128,0.48457322516945955,0.5084751469885276,0.5849872213769435,2021-01-24
107,0.6137397106915916,0.5906250411447723,0.5374618175354682,0.5780712129064114,0.5419668915380185,0.5891534732606833,0.3944880595578521,0.5524597859227466,0.5372078883358984,0.5557913803658822,0.5527951996187247,0.41072177116495756,0.5098727799333362,0.564681897193066,0.5287362344994725,0.589776108602441,0.5560703190184851,0.5807995637201929,0.549500700805268,0.572992028379205,0.5744925359024982,0.3822937977344155,0.467700638727773,0.5188983344042615,0.576001202081823,2021-02-07
108,0.5876248276430884,0.5801209040139773,0.5333855641987825,0.5748196903164492,0.5412220973987538,0.5796912295716637,0.4360393642259735,0.5488039546677197,0.5290389259980538,0.5452392677235015,0.5628532422963427,0.4731683496383484,0.5147649994089555,0.5658079893085327,0.530214737593054,0.5873118824359018,0.554007520788375,0.5725707050160667,0.5387572766849634,0.561133425657951,0.569893807025112,0.45650713678417887,0.45428662934413466,0.5357682259955333,0.5732830275458256,2021-02-21
109,0.571443705057827,0.5762825502558633,0.5347713171225337,0.5774649225887524,0.5480485498141291,0.5754257333392163,0.48344802199539927,0.5514717835971092,0.5331155007242554,0.5406486044441812,0.5766747231200735,0.5376372287327996,0.530702716595897,0.5730590643404648,0.535770055494799,0.5893500518593274,0.5575359636566704,0.5701890789070543,0.5369445721788735,0.5562229574350943,0.570635149028697,0.5341738748544753,0.4502796236186134,0.5577664575169783,0.5783198612902709,2021-03-07
110,0.5735586978392839,0.5828436996065204,0.5481670125063774,0.589435119649234,0.5665708048561613,0.5828262686931003,0.5296606256524399,0.56524853342851,0.5531713031295149,0.5484830248581085,0.5966839513667013,0.5954530259959285,0.558478540319227,0.5898795905594465,0.549149428674607,0.6001265036182329,0.5721954934712236,0.5792582057197839,0.5499899748946219,0.5627051824200462,0.5827838587316168,0.6019175851201823,0.46162967295588236,0.5835743837880015,0.5925988902367391,2021-03-21
111,0.6005549670259063,0.6027893051219909,0.5787941623953974,0.6133952042498784,0.5998923634827582,0.607109647565977,0.5685678291290517,0.5938243220191242,0.5917440664908857,0.5738803238608907,0.624721981997669,0.6392086911823603,0.5982061093175801,0.6189189386256622,0.5733093913797533,0.6230173069901249,0.6023484727239886,0.6042361377347132,0.5824719780732944,0.5840554046272771,0.6111754863062536,0.6482752823844431,0.4929796175422497,0.6118900076734312,0.6171233272359049,2021-04-04
112,0.6463296284337482,0.63375859720846,0.622404445526977,0.6465607093090308,0.6438270360236339,0.644550818996831,0.6008002885282134,0.6330706367373395,0.6428331417025683,0.6125126375730165,0.6584658013970767,0.6705522674251917,0.6451516434121415,0.6571499828780517,0.6055613332800333,0.6552599758974756,0.6439507741242102,0.6414030066032606,0.6293388184827504,0.616829059820854,0.6518516864168644,0.6754447499166432,0.5396396325238091,0.641530188600303,0.6494411149965896,2021-04-18
113,0.6992631248338321,0.6710665235688457,0.6706321235554238,0.683777811277577,0.6910191264668805,0.6875368727734166,0.6299191656098931,0.6754594792694967,0.696725450902873,0.6559365000893774,0.6937818881461566,0.6950688889291301,0.6924737386876473,0.6990774968806341,0.6407621747885507,0.6914230234616898,0.6893031876024438,0.6834832414625598,0.6813515649409096,0.6545728735984591,0.6970305896575938,0.6915633772731283,0.5928621157639258,0.6713634639950199,0.6855978690116604,2021-05-02
114,0.7477133220528949,0.7100185197960189,0.7150946076355992,0.7198829900323039,0.7340999676189544,0.7284389876477985,0.6594976152071303,0.7134489389315237,0.7436927231424455,0.6956916024335286,0.7265293113361345,0.7183598024154387,0.7333223657940309,0.7391961535129694,0.6737587914208397,0.7260640399378191,0.730691544689575,0.7231867197630839,0.7292541503113319,0.6908212584333158,0.7389146788781571,0.704792861805744,0.6438828587019684,0.7002585827758202,0.7216330565107866,2021-05-16
115,0.7812016668621701,0.7461347676068334,0.7481932611454203,0.7500949969571462,0.7663857643723493,0.7602650881536005,0.6926038619875502,0.7403029259275287,0.7750345367560874,0.7241812574665428,0.7529602937361025,0.7453611630090642,0.7616005675128583,0.7724187930884516,0.6998872233638551,0.7541810474943252,0.7611358687399317,0.7538631174725238,0.764637444117908,0.7197155041880505,0.770388330230987,0.7225087815598139,0.6847745862335846,0.7270898131368161,0.75380439404408,2021-05-30
116,0.8000921965014,0.7769365164462095,0.769634545523801,0.7731947021002984,0.7875745617376206,0.7819564838413113,0.7276010423954733,0.7567942271949666,0.7916282728985486,0.7418562610786218,0.7729905800561404,0.7748116061548347,0.7782287348859483,0.7975548634180049,0.7190416915043543,0.7748761427853733,0.7804975990871564,0.7748239418667902,0.7869843215109218,0.7410519632535982,0.790690002804937,0.7447614229966614,0.7154088160747558,0.7507828535127451,0.7804033097076881,2021-06-13
117,0.8106500883120555,0.8010341079875972,0.783100762415003,0.7899016783833911,0.8008377566657953,0.7956837620215378,0.7602915224691683,0.7677823775512196,0.7995640851216754,0.7535472965087613,0.7885298071764996,0.8020767327795074,0.7879464897327324,0.815534562591849,0.7335972318992948,0.7894850878053814,0.79236165372116,0.7886254600340235,0.800072925549211,0.7577047872203126,0.8025164006290098,0.7676142419351781,0.7399016022624485,0.7702913935325425,0.8008280904055806,2021-06-27
118,0.8191996356720098,0.8170487941378459,0.7923140423624935,0.8009549201326762,0.8093815412146438,0.8036498600420539,0.7864520151368402,0.7781678517561677,0.8049843471309568,0.7641289235309127,0.8015075862536025,0.8224883536560881,0.7955317139006681,0.8273093338068369,0.7459537327456244,0.7993660208081501,0.8003502514408476,0.7978564441945708,0.8077244281317466,0.7725789602441833,0.808598871501081,0.7870907551958055,0.7624115194583456,0.7845694032334087,0.8144881112559447,2021-07-11
119,0.831386661945602,0.8237014321961771,0.8005955144409093,0.8070195748414104,0.8161225523785486,0.8077962299924397,0.8020127667044356,0.7922308087712883,0.8133685372122775,0.7778728130327479,0.8135165336363817,0.8316206134328171,0.8052092802440997,0.8336147831945442,0.758102706117248,0.8057027504793265,0.80767792392108,0.8048106183061492,0.8134158856180521,0.7880887725768868,0.8114378427116676,0.7992991540951604,0.7864987409432076,0.7925739190375682,0.820834656935957,2021-07-25
120,0.8444308385676649,0.82094991301141,0.8062861328712984,0.8078436608417803,0.8203813434526971,0.8068168488065359,0.8048108071843473,0.8065474927831287,0.8219634079487782,0.7915631519290858,0.8219640115126141,0.8280572843165236,0.814336053155089,0.8325059623038027,0.7669639008730462,0.807514026772764,0.8124959965366892,0.8081174007007865,0.8163506653926836,0.8005544184803882,0.8106658605251179,0.8013992315757348,0.8082916878939533,0.7933000598551613,0.819839501318052,2021-08-08
121,0.8498482521052109,0.809589464083007,0.8043558172468421,0.8025544001583953,0.8190443116973818,0.7972075073052503,0.7939738509707914,0.8124794388083956,0.8224430554925354,0.7969159179874505,0.8214244219595483,0.8124193277724956,0.8156200051631668,0.8202234799006145,0.7660240359231891,0.8023530912674477,0.809528556810984,0.8039258748800205,0.8128393140162526,0.8021710546003415,0.803974228873525,0.7912626000642291,0.8188882967305837,0.7857687222827051,0.811826732631533,2021-08-22
122,0.8390471622575051,0.7904311428472833,0.7897107573989289,0.7902672785968191,0.8089518363987732,0.7754224393713937,0.7686540129810531,0.8012895972421878,0.8063762243436523,0.7855512739519901,0.8064186096475995,0.7853662185417661,0.8016812210115594,0.7929736425206286,0.7487049283880371,0.7877454799534427,0.7934348999776658,0.7883382333563123,0.7991376889694976,0.7850558533153443,0.7890175522999003,0.7667743290090514,0.809291402033263,0.769001290246571,0.7971270996454247,2021-09-05
123,0.8040579297698807,0.7643428457320313,0.7576544375328211,0.7702259905277649,0.7871859900839139,0.7382955654996531,0.7282396379732597,0.7648658016070876,0.7659477279320607,0.7496163221986795,0.7719163866066654,0.7477402469608925,0.7656324286193519,0.7474434032877,0.7089366936167872,0.7614563938283613,0.7592740468680157,0.7578044140330965,0.7718234844856503,0.7418737027546847,0.7636575878034313,0.7261102920661618,0.7710147418257511,0.7421712566175406,0.7761019474973339,2021-09-19
124,0.7475290201441604,0.7331626047556777,0.7102714159375145,0.7438625114445027,0.7549540981897014,0.6891413486062703,0.6761510735650883,0.7057614751238596,0.703857527468717,0.6902520419767999,0.7205506004544484,0.7035040246657918,0.7089948562319148,0.6885234562720868,0.6493251498455541,0.7253416686390816,0.7089275888519454,0.7147097201588499,0.7329675479988038,0.6746379775264346,0.729291798510371,0.6724098484199995,0.704292223176429,0.7070483302932888,0.749634844280166,2021-10-03
125,0.6810090213199859,0.6995416220584307,0.6553301644618373,0.7144430396480232,0.7169212836438926,0.6367062587630052,0.6191883024355173,0.6354699654500979,0.6316194078034594,0.6161381030269046,0.6613772747464396,0.6592356245490282,0.6403377584739611,0.6279808920899075,0.5797481115563445,0.6846859205930063,0.6499958132933324,0.6664144933241565,0.6892451019401488,0.5931979774039935,0.6902812854236652,0.6129727634607139,0.6166670210461552,0.6675783750545212,0.7190470866974009,2021-10-17
126,0.6163216671051246,0.6661562388053448,0.6007748722373529,0.6852904781453816,0.6778595666331393,0.5899046956779715,0.5642557881433559,0.565760996583986,0.5610196317406237,0.5361872325058075,0.6036510044995774,0.621593976071494,0.5684482785835655,0.5777953840616672,0.5103082058372926,0.6448797660995601,0.5902558001322025,0.6204328776378432,0.647473712260823,0.5076452485396457,0.6510787699393609,0.5552274208739038,0.5159082752489357,0.6277745301636753,0.6856735037628219,2021-10-31
127,0.5650258304101206,0.6356314581184124,0.5543952113016932,0.6596481301984667,0.6424486732358795,0.557398510467566,0.5181327484763486,0.5081947616042461,0.503610673345184,0.45930389597927235,0.5564448958132682,0.5970100336925368,0.5020409217038235,0.5495370974486699,0.45096823128101654,0.6112100660663674,0.5373753463489098,0.5841057176458478,0.6142906595990033,0.42801775992007607,0.6160618492881504,0.5064931273677771,0.4099532912852869,0.5915907536301098,0.650875366105281,2021-11-14
128,0.5321838895012807,0.6093330662050329,0.5201908662549752,0.6388068805597796,0.6131045443286219,0.5416550552085305,0.484526379306346,0.46919208983168853,0.46521064834886816,0.3941899191270906,0.524380503829059,0.5863229926043657,0.44804852947088236,0.544731804620514,0.40826128023904296,0.5864187717189372,0.496341762035572,0.5605231750112901,0.5919111955868486,0.36303934253342307,0.5877654789857899,0.4714137550852466,0.31086413407927177,0.5615294086913731,0.6166625029459973,2021-11-28
129,0.5161286122624348,0.5873224474857524,0.4982355369615974,0.622035136231706,0.5898981034773312,0.5387249038019333,0.4639616202712582,0.4498500294407409,0.44569754638625025,0.3493372163530231,0.5074680963428351,0.58457963789479,0.411558348028089,0.5545004589803555,0.3851676696058518,0.5706116048148746,0.4693656856512206,0.5483721999382908,0.577969865808076,0.3200725337466826,0.5668158527472373,0.4518617381531547,0.23497563800403443,0.5385891757864492,0.5857165745282843,2021-12-12
130,0.5148812643664958,0.5696006078424743,0.48842119613450435,0.6085076871638033,0.5727917273878487,0.544361608408344,0.4568161097840745,0.451019199837554,0.44467439876486553,0.3332279856251276,0.5055044925075878,0.5865586338464747,0.39757219404460087,0.5694823925702293,0.3845032643467824,0.563772260536535,0.4585292282508415,0.5461359254667282,0.5698891827597086,0.3064168589620263,0.5537508109523732,0.4495812255495224,0.1988204166583295,0.5236991324368198,0.5607503390100219,2021-12-26
131,0.5264250952452912,0.5561819538610169,0.49060094130370735,0.5974247570960274,0.5617472782666342,0.5543563578260523,0.46339616110950776,0.4734212209900172,0.4616649074006122,0.3540455314948269,0.5182168950595424,0.5871285024389358,0.410900444348247,0.5804731885924156,0.40890894911343295,0.5658480627831138,0.4658109088896569,0.5522864495708464,0.5651317896627116,0.3290954196902553,0.549083025468632,0.4662027832050363,0.21842077404322852,0.5177656007794866,0.5444385034251095,2022-01-09
132,0.5473116007389672,0.5475855844748444,0.5031637672578099,0.5889444477624319,0.5567072414350462,0.5659177979636445,0.48132186619461714,0.5129193837997728,0.49320510004280205,0.40871634535753726,0.5427106390305461,0.5845419529498355,0.44914353936639917,0.5841531035755272,0.4544355647888081,0.5754165336582928,0.48928780309522546,0.5648802716700294,0.5626717181999397,0.3847207432246072,0.5523772809693853,0.4990792543894721,0.2905799230954827,0.5208378980891071,0.5380227074691465,2022-01-23
133,0.5722586322913363,0.5449769572509935,0.522623594887897,0.5844516136193627,0.5575892862705584,0.57806990964658,0.5047730779012968,0.5591549253739936,0.5320046952032772,0.479750337093527,0.5727332379306482,0.5813858175893296,0.5006681662078201,0.5847388851956563,0.5086940943794742,0.5893008924296889,0.5220404142868345,0.5814416348193882,0.5634186326937783,0.4565725521162499,0.5619844046063693,0.5400850102166294,0.38748721942509395,0.5318677769667806,0.5409092639283312,2022-02-06
134,0.5958641015135959,0.5495638084810323,0.5453716953227233,0.5854113517898825,0.5643094589241555,0.5899554158983749,0.5277046208903031,0.6013620943698965,0.5705231301013921,0.5487144189237143,0.6018125680533892,0.580530426273074,0.5532370263722498,0.5869402477523875,0.5587434644828999,0.6042096083136359,0.5568224169612619,0.5994599668506635,0.5684088084143284,0.5270584617770044,0.5761758178067211,0.5807360714927494,0.4797220107617402,0.5497351976183663,0.552384435702008,2022-02-20
135,0.6127986703604223,0.5625357150897626,0.5678398334857554,0.5932770778569518,0.5767866101837348,0.6007427725624876,0.5441516115378064,0.6288996180457485,0.6013009548729559,0.5973600651582154,0.6235524556113005,0.5848330853821216,0.5947327778990152,0.5954343181829127,0.5917871134929197,0.6168951868288202,0.5864614093379275,0.6164559447538083,0.5786747167810409,0.5787567951972465,0.5932408513578251,0.6126356776711351,0.538169139924924,0.5733181044787822,0.5717273696566781,2022-03-06
136,0.6223951273987455,0.5839185307395052,0.5890547750789398,0.6087536086151335,0.5951193229423961,0.6112494952521146,0.553294573447945,0.6391032993801967,0.6220767526570663,0.6192662107969313,0.6364238947448688,0.5963165022516299,0.6207253631587949,0.6128098977593593,0.6042893610501944,0.6269321520203841,0.608522310975582,0.6319528138248862,0.59500506358292,0.6051854848157674,0.6126165379138229,0.632976380311515,0.5532907701985624,0.6013652634953088,0.597761189436054,2022-03-20
137,0.6313887770481839,0.6118903514885671,0.612163623151978,0.63135713711294,0.6196915583913106,0.6249114735764361,0.562483898128801,0.6419749271539494,0.6388425336036855,0.6267914106431097,0.6466259596620969,0.6156782094238524,0.6389905801027199,0.6383399481967331,0.6074189365939768,0.6383758236338201,0.6280919513316713,0.6486534935440801,0.6178015040001376,0.6172323543461423,0.6355622289909163,0.6478254302073745,0.5466338974213356,0.6324203312558935,0.6285849458697345,2022-04-03
138,0.6471727501848837,0.6444650719451881,0.6406796355823517,0.6604982290469724,0.6509126379367891,0.6453972796166358,0.5797959944804487,0.6486418562017974,0.6583237507560856,0.6339630751966301,0.6610444823743798,0.643497977445576,0.6583889031466754,0.6710027682833168,0.6136512806852019,0.6556797084657049,0.6509255963024752,0.6695434659477472,0.6474312978619384,0.6273288073138571,0.6634992169350955,0.6640387305598214,0.5425078789936095,0.6650087372530307,0.6622333448722861,2022-04-17
139,0.6770939966781283,0.6796547996187228,0.6780860295939268,0.6955753288384069,0.6891743784795809,0.6763444959750881,0.6132571027172092,0.6701746435002965,0.6872072299335278,0.6547444145133026,0.6865254653401076,0.6803347306029295,0.687734087409529,0.7097643224937464,0.6353992538624302,0.6832658788445244,0.6827425156219954,0.6975841903894352,0.6842441236817507,0.6478513769415748,0.6978294924288413,0.6884353928953431,0.5651100665490676,0.6976553252059734,0.6967408051585161,2022-05-01
140,0.722518107456252,0.7152401771672019,0.7239751602510393,0.7344169346456654,0.7326014152811625,0.7173769513596254,0.6643956203801525,0.7102873936604419,0.7271768031404343,0.6947834041784705,0.7247561916833073,0.7240473877893816,0.7297888097875178,0.7519930363528103,0.6769703590338626,0.721485018241297,0.7245997600363289,0.7326257109815437,0.7263125298779269,0.6840698008518845,0.737455096815212,0.7230692750810617,0.624130837112111,0.7288090695482234,0.7301045473620604,2022-05-15
141,0.772976109443448,0.7485438768067005,0.7702410221429503,0.7717452890566486,0.7748325959276918,0.7601769635554346,0.721883479487278,0.7581389225665095,0.7700175066228439,0.7432757092704984,0.7672170342347704,0.7671527062012994,0.7753432383830118,0.7918964856289604,0.7266350455551622,0.7626322641390587,0.7683298329005195,0.7683619051227955,0.7672035934329854,0.7271924924392584,0.7763317355365822,0.7605658258241633,0.7005574383322012,0.7567688316826113,0.7602481929433931,2022-05-29
142,0.8166084047866177,0.7768347567687939,0.8078730111920476,0.8019176329608868,0.8089796638817774,0.7954936801984416,0.7728819083670762,0.8011777215705899,0.8063512150061267,0.7874837600965595,0.8041889990933658,0.8015397103684554,0.8137807072680548,0.82331082928248,0.770779322931305,0.7980561841394722,0.8046813037502648,0.7977632675877463,0.7999549742584073,0.7667755840452881,0.8078338930238963,0.792442605160678,0.772004346130106,0.7798158339253227,0.7850867150651908,2022-06-12
143,0.8415722043896183,0.7973854947513526,0.8278739580451098,0.8193000088842535,0.828165188325938,0.8140897770942469,0.8045696273394621,0.8268693880511775,0.826813512056026,0.8146868431415998,0.8259665283656901,0.8191099650632893,0.8345000469433451,0.840082198028693,0.7958080384740162,0.8191174821641378,0.8244164556209317,0.8138104450177439,0.8176154052360401,0.7923885994793226,0.8253462594326127,0.8102293245931826,0.816115221742984,0.7962341686621577,0.8025382788346739,2022-06-26
144,0.8421445852362471,0.8088593901551104,0.826138114785267,0.82146302919955,0.8294532527521669,0.8116533737876971,0.8104939802502397,0.8289076176945263,0.8270313145306416,0.8183013763189679,0.827735952842045,0.8163307864657563,0.8325421510512974,0.8396873185625026,0.7949846581807726,0.8215955501384381,0.8232904917074791,0.8131802565544352,0.8172651544720507,0.7984767347674369,0.8259693063666803,0.809879898326226,0.8211597488009801,0.805352886078144,0.8116831979457386,2022-07-10
145,0.8277980518715258,0.8133726106421143,0.8107049731359623,0.8139341485270716,0.8196945919269809,0.7961023057306468,0.8000153951186637,0.816450270834211,0.8150248559581741,0.8069820743994711,0.8168300031129628,0.801006102353063,0.8169569717081457,0.8286175687968524,0.7786023741979664,0.8122412379575988,0.8094558728593682,0.8017269969162928,0.80599466033801,0.7915913207781629,0.8160296693846733,0.7983333913496571,0.8017916774199171,0.8090956324385626,0.8144873630695427,2022-07-24
146,0.8103233943889355,0.813568109616944,0.7914669594239778,0.8034547545810931,0.8072330379401623,0.7772202310729137,0.784906818096052,0.8010144931399013,0.8007051522781684,0.7917084780428524,0.8024345213717412,0.7826694070268536,0.7989317485580023,0.8147396440261149,0.7595525133981229,0.7994792524948444,0.792956443577172,0.7867051194494672,0.7924215596321481,0.7801306569723875,0.8032615707996391,0.7842048146713365,0.7766900343849908,0.8097818977302822,0.8133569020063673,2022-08-07
147,0.8015093785720588,0.8120886014099057,0.7783147786402618,0.796765097339813,0.8004109681762672,0.7647891191683406,0.7769391863007861,0.7941153850003321,0.7939814415822498,0.7834582538001984,0.7937337030210418,0.7708525670808961,0.7896517448130131,0.8059188971350679,0.7507241230965733,0.7917329104335828,0.7838342682937365,0.7753677336588432,0.785161960911764,0.7724913348770737,0.7953979096118463,0.7761076979883242,0.7645306082235539,0.809730945611147,0.8106977238002715,2022-08-21
148,0.8083545032381823,0.8110110620736163,0.7770658176603715,0.7979131218413719,0.8041283886739989,0.7645946226137188,0.7831293208387179,0.8024281546016354,0.8005559153219807,0.7887742330270047,0.7960148268960946,0.7712356894191819,0.7956252536417441,0.8068440427202793,0.7596119740075681,0.7941358244669112,0.7879191119136817,0.7717879228954941,0.7892155886768246,0.7730283417879096,0.7970401366706791,0.7791502410096841,0.7763262700503206,0.8107264614422389,0.808398079251965,2022-09-04
149,0.822810271824882,0.8106353931655954,0.7807425190919108,0.8024898123159069,0.8124722660108487,0.7698693233310092,0.7955606033689051,0.8174251339388507,0.8129157579773567,0.8002687197892939,0.8023243330651366,0.7773998871602594,0.8086694566041687,0.8122254659904085,0.776766550511327,0.8014881204298648,0.7978092322074464,0.7700497992943964,0.7982225261829115,0.7734013391194773,0.8029533228931112,0.7874298408097101,0.7990194406868656,0.8128697934177205,0.8067201717517034,2022-09-18
150,0.8338813923517895,0.8109134749376236,0.7798615705933927,0.8044299463735708,0.8174119469781466,0.771387416686436,0.8033918588648037,0.827601331975478,0.8209601342271305,0.8078258712406813,0.8033114223682334,0.7805568130387952,0.8177244359271217,0.814819401536199,0.7894199771381842,0.8065662196931453,0.8035116357613246,0.7622812402827475,0.8035981907025505,0.7627837425481441,0.8059761878826128,0.7928875448438364,0.814838597018334,0.815932821733007,0.8056077604463843,2022-10-02
151,0.8305725728385372,0.8117971876414813,0.7649396598233299,0.7976683016245166,0.8109167783672234,0.759923098046223,0.7957819122998697,0.8214517576750175,0.814588208750055,0.8013298445347827,0.7896252956454504,0.7719181197894559,0.8117302738374386,0.8073820839483956,0.7848043784184746,0.802146543627455,0.7950333291616107,0.7406101232877444,0.7967579995082675,0.7303489677502769,0.7989474512426545,0.787464400567497,0.8060122159298719,0.819687426583514,0.8050046044829058,2022-10-16
