,0,1,2,3,4,5,6,7,8,9,date
0,0.5172619038541727,0.5432419233720475,0.5090416927528926,0.6152650482497881,0.537545524635652,0.5078717630306725,0.6033886451809586,0.5356980367927087,0.4535255887987424,0.5436220897980447,2017-01-01
1,0.4870418384388071,0.4994140501387767,0.49496350650907195,0.5820607995336555,0.5170598385367724,0.48916950098090595,0.5730545261251523,0.5069968787093075,0.42853009492790306,0.5189022554554732,2017-01-08
2,0.4581654710975577,0.4589176860400934,0.48161887682820537,0.550248635057485,0.4973530751281446,0.471513938761296,0.5450502711643611,0.4805596807527056,0.4062319414854653,0.4962223669487076,2017-01-15
3,0.4317257779937538,0.423523818518649,0.46941690070875686,0.520642167923115,0.4788650046365429,0.45548839443817746,0.520614406071314,0.45758993486467914,0.3880623713277167,0.4766675864757404,2017-01-22
4,0.4088157352907241,0.3950034350170944,0.45876667514919023,0.4940550112323838,0.46203539728874166,0.44167618607788517,0.5009854566187394,0.439291132987004,0.375452627310944,0.4613230762345637,2017-01-29
5,0.3905350213730543,0.37510454490654893,0.45011839242894314,0.47133603778640265,0.4473545394920872,0.43072025051124885,0.4873957533469654,0.4268620692897868,0.3698139612419171,0.45127120062434745,2017-02-05
6,0.37808593880848573,0.3652233181109877,0.4445514943673032,0.453874015698278,0.43608621968692624,0.4241764050564949,0.48098276560921815,0.4214296058236428,0.37225152265941347,0.44755148424417435,2017-02-12
7,0.3727510041450644,0.3664809168357794,0.44363726212048427,0.44347971061221453,0.4300988175018853,0.42431400038416833,0.48280981655692357,0.42406438044876044,0.3836312028636466,0.45116996688696503,2017-02-19
8,0.3758148686526342,0.37999118454996805,0.44896006608612127,0.44197511872505646,0.43127680245395467,0.43342137631352384,0.4939382561005269,0.43583553473996295,0.40481252581368615,0.46313179721986275,2017-02-26
9,0.3885589272896902,0.40686273963400743,0.46210152423559714,0.4511782533337509,0.4415014927377889,0.45378192713980114,0.515425303111169,0.45780837411024156,0.4366508564984345,0.48443859641280584,2017-03-05
10,0.41146038320246947,0.44691379147108656,0.4839635042282292,0.4719234946783446,0.4618759432467183,0.4864576805582931,0.5473079582962967,0.49010080994133787,0.4789744438242901,0.5152208206683664,2017-03-12
11,0.4431427565114608,0.49698812317190283,0.5138810315893857,0.5027779232411045,0.49170929173983113,0.5296953825118216,0.5872715929836829,0.5306469857530807,0.5292440074358642,0.5536008683004164,2017-03-19
12,0.4819692758606856,0.5535118532327854,0.5509691181491199,0.5419902485674386,0.5300587767393742,0.5813464611710527,0.632671366121294,0.5770744035558588,0.584587821959623,0.597419169052462,2017-03-26
13,0.5263031698941656,0.612911100150064,0.5943427757374855,0.5878091802027557,0.5759816367675945,0.6392623447066528,0.6808624366570968,0.6270105653600611,0.6421341620220329,0.6445161526680094,2017-04-02
14,0.5744587755702406,0.6717601849481922,0.6429652006724216,0.6383960487663236,0.6283359478553799,0.7011491545504643,0.7292673182724642,0.678107692401544,0.6990905049159384,0.6927511645530487,2017-04-09
15,0.6243682078607478,0.727792035967259,0.6946127366237465,0.6912290800455317,0.6844227874964914,0.7635770433169137,0.7758350857530594,0.7282112541409161,0.7532835129767386,0.7401314276512286,2017-04-16
16,0.673783742155692,0.7792847188301588,0.746503300243809,0.7434650916104226,0.7408106485199722,0.8225816779960712,0.8187625665836262,0.7752576454202555,0.802831181804432,0.7847337428882963,2017-04-23
17,0.7204566059265756,0.8245194756543025,0.7958515542516565,0.7922590281974029,0.7940637550114813,0.8741956111503066,0.8562480318946012,0.8171837909004311,0.8458532045870313,0.8246353166182938,2017-04-30
18,0.7621578727764681,0.8617996762648502,0.8398945066747956,0.8347936439266008,0.8407779963476343,0.9145063470762764,0.88651514795049,0.8519535286058129,0.8804953913107058,0.8579370684805953,2017-05-07
19,0.7975473460887816,0.8904195915489913,0.8768698109819066,0.8694970251584282,0.8789672655588416,0.9420621841339597,0.9089248007226385,0.8787359041122343,0.906073088513871,0.8838018229393445,2017-05-14
20,0.8265121142037543,0.9110418700425893,0.9063969547201867,0.8965169907958044,0.908603637556574,0.9588096364318834,0.9244083115044455,0.8983642856394659,0.9235167057707245,0.9028588342395332,2017-05-21
21,0.8490290416554431,0.9244292574401356,0.9281965069365852,0.9161271585964259,0.9298024287343318,0.9669437983891092,0.9340118793160103,0.9117937870144648,0.9338747949103041,0.9158446263221562,2017-05-28
22,0.8650749929779054,0.9313444994361221,0.9419890366780512,0.9286011463179895,0.9426789554856152,0.9686597644246977,0.9387817031774323,0.919979522064188,0.9381959077616479,0.9234957231282084,2017-06-04
23,0.8747756594912662,0.9326203251683939,0.9477726422044119,0.9343882632703617,0.9475294067714286,0.9659917563878828,0.9397585988562331,0.9238769498252759,0.9375623368076704,0.9265629113643158,2017-06-11
24,0.8789061503939876,0.9293948422654703,0.9467564432412245,0.9347044632503783,0.9454392238247726,0.9602720154848909,0.9379598918561197,0.9244430356851129,0.9332036046397473,0.9258592144838631,2017-06-18
25,0.8784186644247045,0.9228894319125384,0.9404797925452882,0.9309747560790497,0.9377090688120271,0.9526413600593715,0.9343965021287555,0.9226351557973549,0.9263893819774106,0.9222146272575225,2017-06-25
26,0.8742654042806985,0.9143254771562751,0.9304820502554062,0.9246241562506095,0.9256396087106036,0.9442406041759213,0.9300793494826143,0.9194106863248399,0.9183893404376609,0.9164591448353414,2017-07-02
27,0.8674061791981147,0.9049035891467996,0.918291478491544,0.9170641922771834,0.9105344972342811,0.9361682516274655,0.9259897498101485,0.9157121842201701,0.9104404785134619,0.909414512744015,2017-07-09
28,0.8589319064757741,0.8954663498221784,0.905245051354845,0.9094739451650001,0.8937488681754667,0.9287935365812323,0.9225987590621068,0.9122267791017539,0.9032166331770566,0.9017602840946222,2017-07-16
29,0.850044076936256,0.8865543875199366,0.8925184150321948,0.9028364550415564,0.8766812724405194,0.921870643979883,0.9199470916935644,0.9094261790507612,0.8969166839303371,0.8940560901862227,2017-07-23
30,0.8419476436410401,0.8786988759137132,0.8812821642681311,0.8981286236719876,0.8607316203970489,0.9151345005632244,0.9180619874595406,0.9077753469457057,0.8917246385755885,0.8868578073686947,2017-07-30
31,0.8358462390339838,0.8724303364341097,0.8727056852339579,0.8963258477242955,0.8472983993318387,0.9083199094076582,0.9169701876263728,0.9077382812225816,0.8878240420555848,0.8807205852895923,2017-08-06
32,0.8324407718516535,0.8680309990820003,0.8674982926870362,0.8978305737572727,0.8372383678310583,0.9011145982482055,0.9165086721894924,0.9094118429183686,0.8852222411121176,0.8759229375133504,2017-08-13
33,0.8311741062739295,0.8651617551843305,0.8652179923662675,0.9016114652085073,0.8300526315981414,0.8930884907933041,0.91603955168727,0.9119741474455876,0.8834856540317848,0.8720511076487519,2017-08-20
34,0.8312955164389753,0.863387883413337,0.8652456246154743,0.9064165525238763,0.8250336861591407,0.8837933828668907,0.9148518629362322,0.9144619320733366,0.8821128482785882,0.8685848116232818,2017-08-27
35,0.832054276484954,0.8622746624412573,0.8669620297784786,0.9109938661492574,0.8214740270401102,0.8727810702929022,0.912234642752906,0.9159119340707145,0.880602391316529,0.8650037653644246,2017-09-03
36,0.8326762158661009,0.8613410414531466,0.8697127072626639,0.9140951274553671,0.818636131144456,0.8596435890916233,0.9074951076583903,0.9153521511486737,0.8784195343526254,0.8607655753455032,2017-09-10
37,0.8321855563953071,0.8597075689277973,0.8725392495061434,0.9145037971468168,0.8155243365272805,0.8443190124104613,0.9000968067296113,0.9117354270212252,0.8747430324308767,0.8551377224267802,2017-09-17
38,0.8295037419713178,0.8562916919470925,0.874328319678535,0.9110195163790799,0.8110113841860936,0.8269218202726045,0.8895829860921504,0.9039762925140697,0.868605587212335,0.8472907629977687,2017-09-24
39,0.8235513973095301,0.850009238789074,0.8739653460978071,0.9024420552726506,0.8039689662343228,0.8075678987384842,0.8754975270906974,0.8909889730830199,0.8590387362509563,0.8363944809190486,2017-10-01
40,0.8132659535548927,0.8397895649116892,0.8703441816688601,0.8875834531328096,0.7932844505495118,0.7863732246758715,0.8573949458173502,0.8717039301028857,0.8450886557871184,0.8216251166159585,2017-10-08
41,0.7984955074286092,0.8252950034137565,0.862815170146676,0.8659205617521653,0.7786946048605424,0.7634586953978818,0.8354060079683432,0.8459313770983534,0.8265947272905009,0.8025087630062463,2017-10-15
42,0.7804461939397697,0.8072809469391365,0.8514094014005582,0.8379216405658213,0.761202872117057,0.738952545876314,0.8105208166807916,0.8147934659549464,0.8045792067125137,0.7790932337053482,2017-10-22
43,0.760434932667261,0.7865919565539208,0.8362134984656188,0.8041358249828116,0.7419160267216145,0.7129836096665026,0.7837995771865364,0.7795193724382966,0.7801608452519775,0.7514689026921031,2017-10-29
44,0.7397786431899693,0.7640725933242,0.8173140843769692,0.765112250412169,0.7219408430767735,0.6856807203237817,0.7563024947174173,0.7413382723140347,0.7544583941077119,0.7197261439453493,2017-11-05
45,0.7197005397860788,0.7403822281806428,0.7948073995047389,0.7214764597918,0.7022740197725174,0.6571243545230252,0.7290916360992193,0.7015627180555385,0.7284852666489776,0.6840167172888191,2017-11-12
46,0.7009776667710244,0.7152984646917342,0.7688354763564732,0.6742178041265503,0.6833881386111089,0.6271647416917019,0.7032379319818034,0.6619022533662446,0.7027533189677153,0.644784666119572,2017-11-19
47,0.684254418605325,0.6883367500227295,0.7395539618039555,0.6244337974338544,0.6655999573330079,0.5955836569315468,0.6798149482999586,0.6241844505787394,0.6776252902147374,0.6025609320502225,2017-11-26
48,0.6701751679119419,0.6590124881812377,0.7071185049602414,0.5732219715375444,0.6492262080260496,0.5621628640749625,0.6598962514223093,0.5902369014561393,0.6534638949923954,0.557876470999053,2017-12-03
49,0.6593303913341311,0.6268609653451759,0.6716807751880703,0.521679863797984,0.6345583427101049,0.5267171070696854,0.6444957228931713,0.5618177536059691,0.6306316495333334,0.5112861910811237,2017-12-10
50,0.6512588804831799,0.5918054331962256,0.6333147840385843,0.47090511961122766,0.6213945174443811,0.4897046786743211,0.6334626001274855,0.5393300743609049,0.6094871992350719,0.4638123853068665,2017-12-17
51,0.6445426262293709,0.5541221062045476,0.592023891632675,0.4219954826619082,0.60908409808346,0.4521693587090904,0.6255865520076751,0.521944107754168,0.590385667891417,0.41690256355358046,2017-12-24
52,0.6377287535226461,0.5141000608416971,0.5478088835456316,0.3760487002163034,0.5969600965193336,0.41517626220474907,0.6196186366266165,0.5087851736073755,0.5736820509685615,0.3720197306462277,2017-12-31
53,0.6293649807958458,0.4720293734854528,0.5006717442138628,0.3341624595327298,0.5843557865109857,0.3797908442549164,0.6143102761782544,0.4989787260403917,0.5597314154726372,0.33062686447594614,2018-01-07
54,0.6183829879356046,0.42884702280577625,0.4513900768150231,0.2973956249400227,0.5707738600619656,0.34729856803015124,0.6086484527623722,0.491737105164643,0.5489351120999066,0.29416951774581257,2018-01-14
55,0.6047586989770258,0.38724934098733055,0.4028509028654681,0.2667014756450342,0.5561777689963269,0.3195832436045648,0.6022607910506969,0.4865089513435127,0.5418203673920129,0.26404585259277574,2018-01-21
56,0.5886438847396389,0.3502289287250532,0.3582964619906662,0.24301551071746108,0.5406085553577549,0.29862944041885414,0.5948827975129123,0.48278269701346055,0.5389356049092071,0.24164605076081042,2018-01-28
57,0.5701903160429731,0.3207783867138807,0.3209689938160844,0.22727322922699877,0.5241072611899347,0.286421727913716,0.5862499786187023,0.48004677461094625,0.5408292482117409,0.2283602939938903,2018-02-04
58,0.5496645107934961,0.3016915496261844,0.2939160649284526,0.22034219576922648,0.5068183952106781,0.28477313576462693,0.5761980629107601,0.4778766856529988,0.5479756529869692,0.22544982362674798,2018-02-11
59,0.5284209352401426,0.29387769741002384,0.2783394938831544,0.2224458697124394,0.48986746181812496,0.2938702784741909,0.5655130116663815,0.47667345729231514,0.560146917272855,0.23295336190229937,2018-02-18
60,0.508414445437868,0.2972061089387767,0.2744225138310582,0.2334522576912227,0.4749213328478465,0.31300222508992576,0.5555051769128028,0.4772936871870259,0.5767275946648209,0.2502349777074681,2018-02-25
61,0.49160619384378207,0.3115351563966304,0.2823376758240513,0.25322563863969705,0.4636525575587568,0.3414486319293519,0.5474904100628506,0.480598750649851,0.5970981745059676,0.2766516647110414,2018-03-04
62,0.47995409149205004,0.33671475162165665,0.302248371777571,0.2816265056810434,0.4577311115490175,0.37848317434258727,0.5427828412247817,0.48744877808373044,0.6206384428452243,0.31155578786470983,2018-03-11
63,0.4751996159416173,0.3720298995754498,0.3337064277097976,0.3182625690612259,0.458655124178217,0.42298017172343794,0.5425816670543784,0.49862077585794906,0.6466812259844827,0.3539906474457753,2018-03-18
64,0.4787355044159979,0.4158553679589803,0.3752782504659658,0.3623342287184903,0.4676458281067538,0.4731704592264061,0.5479008913636296,0.5147578121728004,0.6744836837515946,0.40250154628402157,2018-03-25
65,0.4919228887429098,0.46648343212585547,0.4254409410100537,0.41300497115670465,0.4858993615941687,0.5272265547653285,0.5597377344366897,0.5364908167736504,0.7032961185259976,0.45558865504402346,2018-04-01
66,0.516122900750071,0.5222063674296817,0.4826716003060382,0.4694382828797359,0.5146118629000023,0.5833209762540406,0.5790894165577132,0.5644507194058647,0.7323688326871282,0.5117521443903547,2018-04-08
67,0.552062934795001,0.5812127621506262,0.5452449808020268,0.5305504481931513,0.5543737546342249,0.6396319475222594,0.6065461473690845,0.5989171126926416,0.7609544189399496,0.5694613279566767,2018-04-15
68,0.5971761273996372,0.6411522243598786,0.6103839984755597,0.5939727590878516,0.6026268629949383,0.6943673525649721,0.6405824370968435,0.6383432887430749,0.7883173754284547,0.6270251201251582,2018-04-22
69,0.6478285739053959,0.6994997813559094,0.6749708695516707,0.6569202864254752,0.6557931541085723,0.7457446825844146,0.6789875009732803,0.6805909837062154,0.8137260565806147,0.6827004804477097,2018-04-29
70,0.7003858222074388,0.7537303708683972,0.7358876354591376,0.7166078875251067,0.7102940708616039,0.7919814337118077,0.7195502026395894,0.7235216302328978,0.8364488188028704,0.7347443418207779,2018-05-06
71,0.7512523884501763,0.8013682410979592,0.7900722872160051,0.7702964377874822,0.762589352222012,0.8313385035326619,0.7600669470941096,0.7650108559077656,0.8557742924018856,0.781440017919247,2018-05-13
72,0.7976992826783208,0.8410341027015411,0.8357069050349619,0.8162700658470021,0.8099902848065952,0.863041859814795,0.798501828161106,0.8032499253737656,0.871441916001803,0.8216574226384696,2018-05-20
73,0.8378477825942352,0.8724245960848352,0.8721943611101164,0.8538169918035328,0.8506437565266198,0.8872644682946098,0.8329834882960419,0.836739829611374,0.8836334945631203,0.8548420852304235,2018-05-27
74,0.869854888537446,0.8952815651229152,0.8989888172602167,0.882267621055625,0.8827317617466983,0.9042190813151414,0.8616474832022196,0.863994572258288,0.8925494183611891,0.8804637185066342,2018-06-03
75,0.8918783927266135,0.9093472823640667,0.9155450173786389,0.9009529293650713,0.9044370911089633,0.9141187331633278,0.8826300497205424,0.8835287607507019,0.8983901669322392,0.8979924623508754,2018-06-10
76,0.9030863773999274,0.9149109273895805,0.9220603239746414,0.9099315695667438,0.9149584367942124,0.9175361659392011,0.8949364291772768,0.8946273367447519,0.901470100038064,0.9074433211488787,2018-06-17
77,0.9056361623281273,0.9138798636668326,0.9209293532134212,0.9114152392414573,0.9165003318309741,0.916108422166302,0.9001430659922476,0.8988545002465027,0.9024405252850269,0.9104434397489388,2018-06-24
78,0.9022352916852359,0.9084593113083896,0.9149511663966132,0.9080119436396838,0.9118205897980165,0.9116684485273627,0.9002996820255854,0.8981939908776767,0.9020147717564386,0.9089167072407707,2018-07-01
79,0.8955913096452759,0.9008544904268185,0.9069248248258532,0.9023296880118957,0.9036770242741073,0.9060491917051161,0.8974559991374208,0.8946295482599962,0.9009061685356101,0.9047870127140893,2018-07-08
80,0.8882890354392744,0.893157433230796,0.8994973802021604,0.8968216716507204,0.8947076359086372,0.9009618901933794,0.8935709510477349,0.8900432646610483,0.8997942810488921,0.8998877673006569,2018-07-15
81,0.8816268636333398,0.8862737162030427,0.893722492575568,0.8923183902843136,0.8862945249303849,0.8968420156180309,0.8896518140552852,0.8852517467161444,0.899004758069418,0.895103976095926,2018-07-22
82,0.8761353189598198,0.8804007176815312,0.8897027228641311,0.8886817441604484,0.8790701417258233,0.8933635314346569,0.8861378179608421,0.8804356102422901,0.8986519947080722,0.8907545384564768,2018-07-29
83,0.8723346491355712,0.8757263376226333,0.8875279026663219,0.8857606700397052,0.8736569035186377,0.890190209226578,0.8834605899450412,0.8757669590832325,0.8988475586991923,0.8871507770934843,2018-08-05
84,0.8707357071702388,0.872432183526228,0.887280439667344,0.8834007755001907,0.8706692968941783,0.8869831411433988,0.8820445173577989,0.871413892402465,0.8996986184779378,0.8845972401338441,2018-08-12
85,0.8710590527336564,0.8701705343729809,0.8884182336163353,0.8811676135450457,0.8700546742190474,0.8831780223561562,0.8817049648441524,0.8672076311553263,0.9009422684834186,0.8828285900534488,2018-08-19
86,0.8716484088773988,0.8676714813284396,0.8893111763652952,0.8781388305046584,0.8705981171239118,0.8778178649673294,0.881196267278052,0.8623924923850023,0.9016708660633896,0.880586643516394,2018-08-26
87,0.8707093389144269,0.8635725779064072,0.888219982769705,0.8733431133358196,0.8709680782807473,0.8699062769922384,0.8791662896779178,0.8561538998062924,0.9009120719219845,0.8765135893035374,2018-09-02
88,0.8664474061577014,0.8565113776206863,0.8834053676850456,0.8658091489953204,0.8698330103615299,0.8584468664462032,0.8742628970621698,0.847677277133996,0.8976935467633363,0.8692516161957362,2018-09-09
89,0.857316988427256,0.8453561779387384,0.8734116501746012,0.8547336918934759,0.8660597180461405,0.8426126028420267,0.8653418827236425,0.8362447970222207,0.891193752984563,0.8576544853150824,2018-09-16
90,0.8431855369260044,0.8302857229857006,0.8583938011966517,0.840267989198667,0.859641491548237,0.8225382976164133,0.8524399112539556,0.8216880910475706,0.8814475896148581,0.8417775245551105,2018-09-23
91,0.824418705178847,0.8119407764644642,0.8390746535938782,0.822899810240225,0.8509687821315776,0.7986978754366167,0.8360099828930743,0.8040325115900713,0.8687919065402527,0.8220996939878447,2018-09-30
92,0.8013827079604274,0.7909626225659989,0.8161776799336734,0.803117303456466,0.8404324884816348,0.7715656429978449,0.8165055669038191,0.7833036292658875,0.8535638938094656,0.7991004309280694,2018-10-07
93,0.7744687709384074,0.7679982514286877,0.7904397638247324,0.7814123319762754,0.828425419746463,0.7416311513491305,0.7943880843235597,0.7595450807816795,0.8361037984009384,0.7732691203186444,2018-10-14
94,0.7447066397990854,0.7438403241850005,0.7629401684275923,0.7583715937787168,0.8153891585666498,0.7097731349677693,0.770321962424967,0.7332617242979458,0.8168299097213743,0.7453491068334892,2018-10-21
95,0.7138018429076964,0.7194356740086192,0.7351205169917536,0.734682156051712,0.8018169073918463,0.6772822236703941,0.7451864817249801,0.7054465553249342,0.7962431139946509,0.7163525154233968,2018-10-28
96,0.6834923795709755,0.6957385419448487,0.7084398439458083,0.7110359086618486,0.7882043489717352,0.6454688385910006,0.7198712463065935,0.6771160240718969,0.7748482661708378,0.6873043857659177,2018-11-04
97,0.655516108173205,0.6737030998786241,0.6843570487735231,0.6881247116883543,0.775047082408224,0.6156433201305564,0.695265804098865,0.6492865431945382,0.7531501909441705,0.6592296848718392,2018-11-11
98,0.6311546095092058,0.6540595928020945,0.6638941076833007,0.6665439799346793,0.7625698727066037,0.5888546119384936,0.6720778882642001,0.6228529347709241,0.7315557509106373,0.6329180998877239,2018-11-18
99,0.6102192925787161,0.6368167509770379,0.6466651866143309,0.6465783719289416,0.7501248304635579,0.5653094113205458,0.6504294066953967,0.5983182439391127,0.7101561650379671,0.6084012228261084,2018-11-25
100,0.5922260305782802,0.6218382648569124,0.6320014516958163,0.6284500775777451,0.736888644177195,0.5450451061517357,0.6303245039448291,0.5761067603386376,0.6889792012104761,0.5855582524519645,2018-12-02
101,0.5766906967044428,0.6089878248951762,0.6192340690569602,0.6123812867876947,0.722038002345624,0.5280990843070875,0.6117673245648722,0.5566427736090337,0.6680526273124814,0.5642683875302645,2018-12-09
102,0.563130220400738,0.598096941911602,0.6077019904185298,0.5985584067843411,0.7047937080514723,0.514469891947308,0.5947672233144438,0.5402935510075735,0.6474116460206822,0.5444284789920943,2018-12-16
103,0.5510738099819543,0.5886230384843699,0.5968346750032355,0.5867518711259956,0.6848893964223994,0.5037045403041819,0.5793941236035294,0.5267634745977446,0.6271778894732296,0.5261405841996215,2018-12-23
104,0.5400585956153044,0.5797821899390206,0.5861199739705254,0.5764637432630727,0.6623895619699576,0.4950587277521252,0.5657570253911909,0.5153292585760769,0.6075287507511479,0.5096391517608732,2018-12-30
105,0.5296218394988735,0.5707864491468837,0.5750467116787925,0.567191613810855,0.6373642135287628,0.48778329745126386,0.5539655799123077,0.505260489341317,0.5886425522845082,0.4951608368046402,2019-01-06
106,0.5193015220467923,0.5608507919362207,0.5631054320675087,0.5584337843547051,0.6098869351455625,0.4811309668812227,0.5441266444884367,0.4958300711872424,0.5706974871648394,0.48294133393078903,2019-01-13
107,0.5087138460456693,0.549508539328913,0.5499739621542444,0.5497659896796309,0.5804206945031106,0.47455858947630414,0.5360427856498727,0.48667226711412115,0.5538576619594867,0.4731117245774049,2019-01-20
108,0.49762247467636217,0.5368931387080194,0.535683184427242,0.5409099372608809,0.5501625033007257,0.4679078442316206,0.5289429381304868,0.47810255312606575,0.5382606281167982,0.46560587936435077,2019-01-27
109,0.4858074072096742,0.5232045211945895,0.520303093883253,0.5316035058514867,0.5203906927617931,0.4610630422334775,0.5219924880708455,0.47051187197851585,0.5240409952320576,0.4603358213253538,2019-02-03
110,0.47304864291640847,0.5086426179096732,0.5039036855190292,0.5215845742044802,0.4923835941096981,0.4539084945681806,0.514356821611516,0.4642911664269115,0.5113333729005487,0.4572135734941413,2019-02-10
111,0.45936953993867846,0.49358698092047754,0.4867902649093563,0.510812795904714,0.46744973042097293,0.4465480825021597,0.5055275638642536,0.45992588010454927,0.5004176666388658,0.4562894076444347,2019-02-17
112,0.4463049903980312,0.4795328116316374,0.4707296825996352,0.5006252972064178,0.4470851503457419,0.44044946658937,0.49702265312887695,0.45848841403484536,0.49247623405401,0.458472276669694,2019-02-24
113,0.4359693613334412,0.4684030165582789,0.45804909982803865,0.4928872843621597,0.43285779398199137,0.4376031377671926,0.491136852892936,0.4612761903719357,0.4890374046978329,0.4650003249851895,2019-03-03
114,0.4304782047096618,0.4621213767983542,0.451076823571,0.48946504345658354,0.4263357484332597,0.4400006560705316,0.49016651511685894,0.46958709139917015,0.4916302155748532,0.47711237014580166,2019-03-10
115,0.43191211984757205,0.462585700971975,0.45210463337326773,0.4921934852242303,0.4290605328468618,0.4495949640477015,0.4963620030193161,0.4846829836907639,0.5017444200422962,0.49601157259593553,2019-03-17
116,0.4413182547901833,0.4709258646493122,0.46234429545963307,0.5019798396275059,0.44178812670083134,0.46719719388759323,0.5106139221963812,0.5067608506961103,0.5197082646013838,0.5218468124079855,2019-03-24
117,0.45856397825754835,0.48739507746268385,0.481774641894668,0.5186723040293029,0.46437774396617737,0.492314996636216,0.5322605903310645,0.5348020142084242,0.5445240292549304,0.5535634120119699,2019-03-31
118,0.48345227974530314,0.5121987103748764,0.5103072249191267,0.542061285580342,0.49663966313360175,0.524384893846641,0.5605556185091589,0.5677214587381296,0.5751216375123726,0.5900410170574717,2019-04-07
119,0.5157861212289274,0.5455420923495187,0.547853551188208,0.5719371666363868,0.5383841131891574,0.5628433810148433,0.5947525976846496,0.6044341628011093,0.6104310038235891,0.630159263131794,2019-04-14
120,0.5549881361203565,0.5870501239905231,0.5936951349670057,0.6077476632374269,0.5887371688680442,0.6067668445605225,0.6338268972248958,0.6437722603456266,0.6492568395473648,0.672658725111041,2019-04-21
121,0.5991453220736103,0.6343093607800936,0.6449010867095556,0.6477371177401398,0.6444222957696787,0.6539670418296627,0.6757768294593682,0.6842769522229732,0.6899641685157173,0.7157916252304698,2019-04-28
122,0.646051642115748,0.6844591511690123,0.6980551218648426,0.6898858557913371,0.7016358339896381,0.7019782742026789,0.7183863432259037,0.7244256094033995,0.7308215483874406,0.7577030425666671,2019-05-05
123,0.6935010592738262,0.7346388436080598,0.7497409558818487,0.7321742030378287,0.756574123623497,0.7483348430599842,0.7594393873623372,0.7626956028571541,0.7700975368213272,0.7965380561962178,2019-05-12
124,0.739321735882291,0.7820472823653867,0.7966606538544139,0.7726198792498787,0.8055771916774898,0.790651390479247,0.7967997779892982,0.7976088751698897,0.8061102397598313,0.8305169437947822,2019-05-19
125,0.7817843251521444,0.8246531038011661,0.8370475586154296,0.8097244314951132,0.8468441714352835,0.8275820540211484,0.829364701393995,0.8282640628627775,0.8378188481598153,0.8588329470119316,2019-05-26
126,0.8194678473681918,0.8609614040026063,0.8702021437807876,0.8423265808165279,0.879869787102376,0.858505384329916,0.8567514882808551,0.8541616941813105,0.8646293181442171,0.8813573554965197,2019-06-02
127,0.8509575958732983,0.8894881921643802,0.8954465914233757,0.8692719073289962,0.9041751188663623,0.8828146686598743,0.878592119127662,0.8748104729848358,0.8859566943024949,0.8979752523106058,2019-06-09
128,0.874845194813559,0.9087575165191428,0.9121090219567164,0.8894115051975438,0.9192872486280244,0.8999078965986271,0.8945218077861499,0.8897226254715993,0.9012199577041138,0.9085750702976574,2019-06-16
129,0.8906461405646093,0.9184665851143579,0.920384154834473,0.9024011497031805,0.9256091054662587,0.9098692826838921,0.9046476236202577,0.8989244028337409,0.9104125512092478,0.913534085486777,2019-06-23
130,0.8997620946414975,0.9207077133239129,0.9222359464752247,0.9095394422892185,0.9253317362991943,0.9141840290979069,0.9100399698722489,0.9034914827893515,0.9147007311569423,0.9142275895913805,2019-06-30
131,0.9038248237819646,0.9178654108228226,0.9198441937122107,0.9123254031597791,0.9208643318569725,0.9145082533723641,0.9118867729810407,0.9046275692401307,0.9153938328251409,0.9121526285745478,2019-07-07
132,0.9044660947237522,0.912324187286101,0.9153886933786703,0.9122580525189831,0.9146160828697347,0.9124980730389559,0.9113759593855498,0.9035363660877775,0.913801191491787,0.9088062483993581,2019-07-14
133,0.9032241993637803,0.9062791775740436,0.9108695292758084,0.9107496967062993,0.90877101795175,0.909681751573353,0.909614318273806,0.9013375427261398,0.9111203177934161,0.9055348770546174,2019-07-21
134,0.9010016534983776,0.9006374696222847,0.9070644536156094,0.9086228512442049,0.90398170879504,0.9067179435546617,0.9071567777712353,0.8985792015771592,0.9077881387288698,0.9026605031449941,2019-07-28
135,0.8984362206666017,0.8957697780575887,0.9042422107264991,0.9064544287613734,0.9002629920828703,0.9039031777788811,0.9043284579593812,0.8955714310105783,0.9039248562191903,0.9000785144024039,2019-08-04
136,0.8961647922118819,0.892045050487017,0.9026698680694225,0.9048205327762091,0.8976276035544308,0.9015327900605858,0.9014537218438211,0.8926235352864298,0.8996496287713582,0.8976828931716286,2019-08-11
137,0.8947953796333105,0.8898119220652281,0.9025908855954301,0.9042712078831837,0.8960677344833344,0.8998813450123604,0.8988382386667397,0.8900270427628839,0.8950704839947976,0.8953555490575505,2019-08-18
138,0.8939370163514397,0.8887164031530996,0.9034321196548807,0.9044550986049829,0.8948649258188034,0.8985049139193616,0.8961410446893552,0.8874585984185991,0.8899104224010327,0.892560785449233,2019-08-25
139,0.8919683862119268,0.8875391456668054,0.903614690922293,0.9039106777608706,0.8924254757561938,0.8960746658061698,0.8922247777029509,0.8838375518312179,0.8834182419776269,0.8882485785035961,2019-09-01
140,0.8871923884838733,0.8850074989289802,0.9014977708068097,0.9011080360662248,0.8871017710637047,0.8912072632835147,0.8859030205618689,0.8780366062329343,0.8748135317472988,0.8813372238923594,2019-09-08
141,0.8779119237210536,0.879848812993444,0.8954405319414458,0.894517265256729,0.8772461996556841,0.8825193698069478,0.8759893568402906,0.8689284655457888,0.8633158813678155,0.8707450183747683,2019-09-15
142,0.8628705300605503,0.8710412311933353,0.8842219300448151,0.8829584180816605,0.8616042741543772,0.8689174193800732,0.8615442723760587,0.8556224483700203,0.8483626995636274,0.8557632756755915,2019-09-22
143,0.8424993237609748,0.8585233987963498,0.8682286292514312,0.8665918472835339,0.8404271178725611,0.8504176252347799,0.8425738529151808,0.8381340732517778,0.8302256105353748,0.8371119104692754,2019-09-29
144,0.8176333632744184,0.84246386880206,0.8482321181111689,0.8458987225864786,0.8143262402154258,0.8273018396569558,0.819310524955648,0.8166957686326466,0.8093759180274109,0.81585279031165,2019-10-06
145,0.7891077070529715,0.8230311942100382,0.8250038851739027,0.8213602137146239,0.7839131505881609,0.7998519149324876,0.7919867149954509,0.7915399629542118,0.7862849257840884,0.7930477827585458,2019-10-13
146,0.7577964647346502,0.8004412782251271,0.7993328544380984,0.7934946754636774,0.7498442489360417,0.7684068097420661,0.7609059995723242,0.7629481301126526,0.7614386391822676,0.769737992390372,2019-10-20
147,0.7251384084588953,0.7755946866230425,0.7722600586098516,0.7633581419606007,0.7134250321281483,0.7341312154291268,0.7274007526463306,0.7319109191141642,0.735535642561259,0.7466643005456158,2019-10-27
148,0.6929971485583719,0.7499071084767696,0.7450162107929734,0.7324111840512768,0.6764493616117664,0.6988110843056333,0.6935773900821979,0.6999525448944272,0.7094344594489976,0.7243417079715456,2019-11-03
149,0.6632466701159432,0.7248068124145571,0.7188366561765618,0.7021242515601541,0.640723024928834,0.6642475401710914,0.6615612302151259,0.6686102523222144,0.6839975191642721,0.7032796993042486,2019-11-10
150,0.637756901081633,0.7017193194236507,0.6949545086642157,0.6739658692971896,0.6080491438131517,0.6322388916071132,0.6334737644926904,0.6394190315802433,0.6600861014388498,0.6839860904354118,2019-11-17
151,0.6175685840104872,0.6815085953534707,0.6741468583070591,0.6490111330267446,0.5796860096316888,0.6040080808829617,0.6106543558367654,0.6134530664590352,0.6383265366437075,0.6666276439712182,2019-11-24
152,0.6018874013496791,0.6637958352110728,0.6561815743173265,0.6274644454797252,0.5556861562962266,0.5795047140832532,0.5927114480461451,0.59076673572976,0.6188251915783834,0.6506163416417314,2019-12-01
153,0.5896730422971588,0.6480356382412035,0.6406912379609457,0.6094134913528658,0.5359404836702085,0.5585077041888349,0.5790214519647348,0.5712777113880385,0.6016187309504416,0.635262985384935,2019-12-08
154,0.5798851960508766,0.6336826036886098,0.6273084305038448,0.5949459553429013,0.5203398916170785,0.5407959641805546,0.5689607784364401,0.554903665429492,0.5867438194674464,0.6198783771388129,2019-12-15
155,0.5715109291021347,0.6201976908813472,0.6156461929860658,0.5840848671491272,0.5087108855010257,0.5260986245610144,0.5618747633874059,0.5415132427321401,0.5741960570952425,0.6038482513105597,2019-12-22
156,0.5637415370381542,0.607089304088334,0.6051718002970099,0.5763709432083765,0.5003996006877823,0.5137734485689235,0.5568769301142906,0.5306093557484213,0.5636647090949308,0.5871173234398528,2019-12-29
157,0.5558605978639588,0.593887285923675,0.5952866618197257,0.5711269631654825,0.4945351138292022,0.5030103944157504,0.5529760556736072,0.5215296580466324,0.5547006211401244,0.5698828887988463,2020-01-05
158,0.5471521411145064,0.5801215838974539,0.5853918646630023,0.5676746403192948,0.4902454395275158,0.49299859925739337,0.5491804046075214,0.5136109945975593,0.546853961629296,0.5523434785106054,2020-01-12
159,0.5369161022824486,0.5653338121226091,0.5748981497476535,0.5653342305779963,0.48666269832497755,0.4829433412342695,0.5445158141021248,0.5061985209454746,0.5396856739321705,0.5347075352557208,2020-01-19
160,0.5251037538275951,0.5495433232970149,0.5636115743134983,0.5633663108015156,0.48308714591004476,0.4727108596251347,0.5387277078544098,0.49897770434893196,0.5331979283619568,0.5175893725175951,2020-01-26
161,0.5125320755943841,0.5334044437831071,0.5518636198797731,0.5609521370137369,0.47904251037489665,0.4630458928071587,0.532517929030518,0.4920863284234308,0.5279793404092932,0.5021427562733715,2020-02-02
162,0.5000779184120411,0.517615413740623,0.5400221054968459,0.5572674795321125,0.47406797481778135,0.4547539347974547,0.5266544652889497,0.4856934582846704,0.5246590832069498,0.48955876020094724,2020-02-09
163,0.4886181331097931,0.5028744733293019,0.5284548502150859,0.5514881086740948,0.46770272233694765,0.44864047961313686,0.5219053042882063,0.4799681590483513,0.5238663298876971,0.4810284579782209,2020-02-16
164,0.4791211272074515,0.49017146391919253,0.5178639742112159,0.5432858101006818,0.4599983371249661,0.4456447555835893,0.519186041712505,0.4754369117680589,0.5263199726285954,0.4777062583797188,2020-02-23
165,0.47293781114333316,0.4817144700613677,0.5103482313287231,0.5344046081625268,0.4531470979841448,0.44726470241603644,0.5200289458264054,0.4741193995614367,0.5331137292591712,0.4805933925972462,2020-03-01
166,0.4715189693464562,0.4800296674958757,0.5083710455118962,0.52712960216059,0.4499002329514383,0.4551441429789958,0.5261273021013309,0.4784251902812414,0.5454391870157399,0.4906510961631446,2020-03-08
167,0.47631538653702,0.48764323289015543,0.5143958417682146,0.5237458929733279,0.45300897169340903,0.470926900566305,0.5391743964781486,0.4907638529169334,0.5644879334199536,0.5088406044931485,2020-03-15
168,0.4887055698262979,0.5069200239507115,0.5307471033559847,0.526468383485189,0.4651213529197815,0.4961469360074189,0.5607478068009687,0.5133930993599497,0.5913411886719875,0.5360240857183893,2020-03-22
169,0.5088946117673524,0.5376059127799637,0.557493618116291,0.5363723242131813,0.48721012789194496,0.5305546119051292,0.5905466098503642,0.5461052676157447,0.6252883784772014,0.571455367631634,2020-03-29
170,0.5361348550244279,0.5773202951845947,0.5928726698041905,0.5536076288794225,0.5188878040265432,0.5724521044559345,0.626744639970717,0.5866909438968289,0.6641640872031074,0.6130823916551135,2020-04-05
171,0.5696510988460797,0.6236210918441263,0.6350685945134814,0.5782974602860951,0.5597275649238711,0.6200997236743974,0.667471637681848,0.6328828449975289,0.7057608406452863,0.6588153468359924,2020-04-12
172,0.6086667558048642,0.6740656801706114,0.6822643566297057,0.6105623026916681,0.6092986871392333,0.6717564342758933,0.7108569201334454,0.6824132169944305,0.7478717243630222,0.7065642022074982,2020-04-19
173,0.6519843173074235,0.7260465304335775,0.7322265427839824,0.6497095767809529,0.6659844759307111,0.725272839611709,0.7549012917943044,0.7328714210647799,0.7884597384383548,0.7541721422598033,2020-04-26
174,0.6973954746249037,0.776560104871817,0.7817218500208062,0.6930942122809026,0.7253202449489292,0.7775189040071621,0.7972969467667721,0.7815036945723686,0.8258959157075124,0.7993219750738259,2020-05-03
175,0.7425433063616999,0.8225446427308374,0.8273699668389594,0.7377840743664714,0.7824225825072182,0.8252204135512882,0.8356907057822056,0.8255058271780724,0.8586112799323218,0.8396729294243226,2020-05-10
176,0.7850708911222022,0.860938383256141,0.8657905817372195,0.7808470282126085,0.8324080769189025,0.8651031543331179,0.867729389571958,0.8620736085427625,0.8850368548746065,0.8728842340860463,2020-05-17
177,0.8227612638468274,0.8890466769782,0.8939989837109134,0.8195250719492545,0.8708873207213145,0.8942845016781725,0.8913538711940802,0.8887528489481215,0.9038326338795786,0.8969172251488737,2020-05-24
178,0.8545446770791165,0.9071840738706051,0.9122531863532095,0.8524875659603453,0.8975202432514108,0.9130916753396052,0.9069153612091034,0.9059584664923127,0.9155354666328396,0.9122096026872648,2020-05-31
179,0.8799133079060257,0.91713907533387,0.9223995388390325,0.8791030142627932,0.9139502002911929,0.9234241254473647,0.9159456899630877,0.9155107117016208,0.921601515458896,0.9204120273313525,2020-06-07
180,0.8983631839834524,0.9207102829708443,0.9262952743591975,0.8987447117316258,0.9218341389853408,0.927192075786918,0.9199847779592698,0.9192394650952961,0.9234932422410412,0.9231834714824816,2020-06-14
181,0.9094113858886063,0.9196928505999048,0.9257935631540372,0.9108092090667198,0.9228329028741069,0.9263023013570689,0.9205675567279207,0.918969363477482,0.9226686558919769,0.9221794699857755,2020-06-21
182,0.9136099005675238,0.9157124480017185,0.9225478514793426,0.9158362522942356,0.9187988720799288,0.9224920438538773,0.9189837129793459,0.9162672763771751,0.9203668689746922,0.9188865764426692,2020-06-28
183,0.9129957523298292,0.9101515440876644,0.9179249919546266,0.9160060138832932,0.911859271860618,0.9172552734113256,0.9161710197320964,0.9123301905530704,0.9175128890588483,0.9145488650688463,2020-07-05
184,0.9097207412962844,0.9043738112204786,0.913269686903472,0.9136254518507833,0.9041625697498527,0.9120671581510376,0.9130400512416399,0.9083265052036927,0.9150074471159036,0.9103916692934846,2020-07-12
185,0.9059366675876517,0.8997429217628966,0.9099266386494612,0.9110015242135967,0.8978572332813111,0.9084028661946366,0.9105013817634442,0.9054246195275668,0.9137512741173168,0.9076403225457623,2020-07-19
186,0.90339408051184,0.8973031516698232,0.9088911929252198,0.9099910313729576,0.8946179528219734,0.9073280341653793,0.9092076487213105,0.9044640609298663,0.9143791775124248,0.907165721030054,2020-07-26
187,0.9020146501787696,0.8966429855868787,0.9095663472825943,0.9103989800072192,0.8939599683977832,0.9080416765781235,0.9086358276071007,0.9047853772189673,0.9163138999215711,0.9082232555195369,2020-08-02
188,0.9011992647455406,0.8969363647377993,0.9109016706401638,0.9114461188825902,0.8947836063942103,0.909211278523663,0.9079281186484361,0.9053022747133785,0.9186330428047198,0.9096082940181561,2020-08-09
189,0.9003487746860439,0.8973572003504144,0.9118466991069104,0.9123531544890199,0.8959891487022494,0.9095042866319073,0.9062266978489684,0.9049284288458275,0.9204141826478003,0.9101161712431154,2020-08-16
190,0.8988550002203177,0.8970795207828288,0.9113568196797195,0.9123415494946842,0.8964796239251851,0.9076053917968148,0.9026849918927027,0.9025967662377762,0.9207402200386035,0.9085621372923318,2020-08-23
191,0.8959442779535709,0.8952795008600729,0.908494639605982,0.910646623886558,0.8952083954504586,0.9025152940961817,0.8966626014300246,0.8975930005256962,0.9187916222154411,0.9041264009066241,2020-08-30
192,0.8906979858111277,0.8911351956477824,0.9024166878545009,0.906515836246981,0.8911729184257213,0.8935115081683759,0.8876997293179129,0.8895118761829138,0.9138343218741869,0.896308863644389,2020-09-06
193,0.8821925990303743,0.8838247238037347,0.8922826699468116,0.8991970557011114,0.8833721392383426,0.8798809108742149,0.8753426866109406,0.8779585895008697,0.9051371422617887,0.8846202394839611,2020-09-13
194,0.8695052780981631,0.8725267300324725,0.8772529729634804,0.8879388347033867,0.8708059438666274,0.8609113064347047,0.859138479566992,0.8625390612577453,0.8919694970451918,0.8685718367923478,2020-09-20
195,0.8520482972153294,0.8566771164229259,0.8568212929323715,0.8723239003758761,0.8529337149007942,0.8363440143702041,0.8389740959761522,0.8432135145033527,0.8738895382968755,0.8479656431791687,2020-09-27
196,0.8301080594715023,0.8363828292563857,0.8313507471182905,0.852806659269726,0.8304134109547159,0.8071033282428203,0.8156233499998351,0.8208663536566194,0.8512085790942254,0.8233618698442389,2020-10-04
197,0.8041117038065486,0.8118588537728927,0.8013444306984118,0.829981859420225,0.8040959628891784,0.7743040019228686,0.7900028359603454,0.7965307774989779,0.8243591923834513,0.795442802938795,2020-10-11
198,0.7744863691603342,0.7833201752124872,0.7673054388499095,0.8044442488626614,0.7748323015649674,0.7390607892806641,0.7630291481799872,0.7712399848118605,0.7937739511107631,0.7648907286140739,2020-10-18
199,0.741712349727694,0.7510355022853381,0.7297756836443511,0.7767964758177995,0.7434968314103149,0.7024651874746569,0.7356024958895557,0.7459706413677715,0.7599233606313636,0.732395920001319,2020-10-25
200,0.706749754327386,0.7157584874128384,0.6896474642146753,0.747712500825854,0.7111758448585603,0.6653987631406426,0.7084751856049523,0.7211891084653821,0.7236203294093536,0.698720746016292,2020-11-01
201,0.6708132159738028,0.6785000280061609,0.6479989472779057,0.7179041130171732,0.6790680332183098,0.6286317224123592,0.6823210668345983,0.6970910494520062,0.6858593982966992,0.6646658197645928,2020-11-08
202,0.6351197046516309,0.6402733834283466,0.6059100061354687,0.6880834488536842,0.648373119813344,0.5929332489424168,0.6578132687165144,0.6738696422017351,0.6476367758433759,0.631032105499321,2020-11-15
203,0.6008835772828285,0.6020926022593388,0.5644624706650713,0.6589613523953008,0.6202819758358628,0.5590711372209263,0.6356180860921932,0.6517167590298398,0.6099498764458248,0.5986180137654483,2020-11-22
204,0.5691624070255671,0.565019086093144,0.5248555653212119,0.6311711235810591,0.5954543445831614,0.5277298319879647,0.6159917560114103,0.630745938722307,0.5738684652883143,0.5680687326202116,2020-11-29
205,0.5407707522041489,0.5301876336955662,0.488470476152415,0.6052258689626351,0.5737267211154322,0.49946458587105724,0.5985549259467795,0.610949303094732,0.5405744512762454,0.5397919552648586,2020-12-06
206,0.5165022666410379,0.4987393575676169,0.456704041817443,0.581628355875587,0.5548647834402134,0.47481953819772355,0.5828735689986851,0.5923085294921389,0.5112593900867288,0.5141749452356045,2020-12-13
207,0.4971506041586997,0.4718153702103106,0.43095310097506156,0.5608813516554756,0.5386342095650447,0.45433882829548583,0.568513658267513,0.574805295259553,0.48711483739687783,0.4916049660686673,2020-12-20
208,0.48327999378043207,0.4503754846846525,0.41231728807656,0.5433825916482886,0.524769824723355,0.43843025704238375,0.5551064939788495,0.5584212777726485,0.46908042555407337,0.4724087042865342,2020-12-27
209,0.4743133683983045,0.43447762223251835,0.4004177661376782,0.5290073192820196,0.5128529740023271,0.42682339634777117,0.5426083525401451,0.5431381545595733,0.4568425696308772,0.4566115001245382,2021-01-03
210,0.46931945206337705,0.4238997959744572,0.39441684473610183,0.5174686191446856,0.5024173689055081,0.41903732525209214,0.5310763688771463,0.5289376031957962,0.44969874038794044,0.4441451689946168,2021-01-10
211,0.4673668594284407,0.4184199325807084,0.3934766917315073,0.5084795257411481,0.49299670622469643,0.4145910577845524,0.5205677090660008,0.515801301256801,0.4469462884595099,0.4349414974233364,2021-01-17
212,0.4675208575376909,0.41780570431097785,0.39674922082980635,0.5017480346273883,0.48413231178196225,0.4130051312068205,0.5111493846813644,0.5037158540216032,0.44787421859489274,0.42892974295094166,2021-01-24
213,0.46877704326870656,0.42161136944001354,0.40317293709580704,0.49687727115187197,0.4755242861769666,0.41383178417470123,0.5030933110379694,0.492770421747301,0.4515978416428883,0.42598653005339226,2021-01-31
214,0.47006518494578564,0.4291895399058032,0.41148470430675094,0.4933712729993174,0.4670227499449311,0.41665320872310413,0.49686500879737155,0.4831510647870707,0.4570683520343305,0.4259387523297904,2021-02-07
215,0.4703124723822074,0.4398849291391479,0.4204134879304706,0.490730196580739,0.4584836999169634,0.4210527701637954,0.4929375821619333,0.4750476390805471,0.46323051574354124,0.42861135541581585,2021-02-14
216,0.46844699281367563,0.45304249579168865,0.4286890719402582,0.48845468614615506,0.4497637581168881,0.4266143296100601,0.4917840851816755,0.4686502529847163,0.4690297635611267,0.4338294971229248,2021-02-21
217,0.46419344486373987,0.46822487272135005,0.435767799789756,0.48647842405044184,0.44127450889646613,0.433361854333928,0.49383305337738975,0.4643730771609982,0.47400166110048414,0.44160667648860513,2021-02-28
218,0.4595359914317754,0.48561209180943316,0.44316678787052916,0.4859633378668175,0.4350016009172744,0.4425676042610701,0.499386752387287,0.4632658001408193,0.479355599594831,0.45249059313845713,2021-03-07
219,0.45685664275958837,0.505492896795753,0.45276601426904955,0.4882876250609691,0.43320784469256257,0.4557236391697786,0.5087252141998807,0.4664900126876331,0.4865956981390567,0.4671230089439775,2021-03-14
220,0.45853740908898516,0.5281560314201228,0.4664454570717878,0.49482948309858354,0.4381560507355801,0.47432201883834374,0.5221284708036831,0.475207305564893,0.49722607582805,0.4861456857766614,2021-03-21
221,0.4668175122389252,0.5538403705234508,0.4859475068938287,0.5068803484731157,0.45192198605752765,0.4996921575510892,0.5398514394244391,0.4904887220350095,0.5126607035594256,0.5101261892323992,2021-03-28
222,0.4825132100649821,0.5822878183616126,0.5116434206848375,0.524867037602712,0.4747174278748101,0.5315426191612604,0.5618987550755424,0.5125029504748256,0.5334151766235273,0.5388926788382955,2021-04-04
223,0.5056239903512921,0.6129550220014869,0.5431174355045383,0.5487200818140857,0.5056842379899305,0.5686516121818096,0.5881313927581013,0.5409007346868229,0.5594894298106381,0.571848900880388,2021-04-11
224,0.5361396314294438,0.6452952374807788,0.5799444326189712,0.5783641127851821,0.5439515594571116,0.6097862854145845,0.6184086196975341,0.5753266613450047,0.5908772679347709,0.6083935563812194,2021-04-18
225,0.5740370545459531,0.6787601645812816,0.6216896738349437,0.6137138436322785,0.5886383707063804,0.6537103885486714,0.6525820053810534,0.6154146654513565,0.6275615580672077,0.6479201370712586,2021-04-25
226,0.6183325355354643,0.7126852239986714,0.667199681888531,0.6539429003041396,0.6381041778968031,0.6989336990810836,0.6899279658417289,0.6600028188868401,0.6687079297552131,0.6894329109570271,2021-05-02
227,0.6664329655456201,0.7462110322081532,0.7141168644072715,0.69698335351553,0.689436131094369,0.7435405108165305,0.7287593532936285,0.7065958712637713,0.7121128813967835,0.7312840732891778,2021-05-09
228,0.7155917003874379,0.778459621357761,0.7599687564093026,0.740648829582973,0.7395999975641515,0.7855745264055636,0.7672970959400437,0.752571373218981,0.7554422962463854,0.7717636115622648,2021-05-16
229,0.763062095871935,0.8085530235955287,0.8022828929127614,0.7827529548229912,0.7855615445712243,0.8230794484987348,0.8037621219842659,0.7953068753893,0.7963620575584849,0.8091615132708421,2021-05-23
230,0.8062877780891818,0.8356314882196879,0.8388500195327955,0.8212483782924915,0.8246358512663707,0.8543735619545404,0.8365198582346343,0.8324670643703097,0.8327560232155513,0.8419384711752892,2021-05-30
231,0.8437460660299673,0.858934233946735,0.8688908420805272,0.8548430263333464,0.8560357246966663,0.8792668910688091,0.8647207578469811,0.8632765677193566,0.8636922550998809,0.8694825789010971,2021-06-06
232,0.8742636418954248,0.8777339287639,0.8921093583432391,0.8825000907505003,0.879615358059511,0.8980736320035607,0.8877805939041449,0.8874872353264265,0.8886390474169242,0.8914953691457352,2021-06-13
233,0.8966674617223476,0.8913032668764068,0.908209944919072,0.9031829634294564,0.8952294472795381,0.9111083760976174,0.9051153474503495,0.904851330325578,0.9070650080796983,0.9076786202845021,2021-06-20
234,0.9098616272700085,0.8989634361452274,0.9169479016690283,0.9159240902348875,0.9027860019074472,0.9187116096709991,0.9161864788750118,0.915167937439727,0.9184917838564348,0.9177743743082735,2021-06-27
235,0.914586457272548,0.9011898669608718,0.919290600318572,0.9213995349101756,0.9034619986125952,0.9218401695361421,0.921537944692601,0.919350585504633,0.9237034485578818,0.9224830249092786,2021-07-04
236,0.9134535292307346,0.8996342594476415,0.9174406152588661,0.9219603453681202,0.8997275977555123,0.9220790052383658,0.9228168555608978,0.9194485151725895,0.924770594801044,0.923481606365918,2021-07-11
237,0.9091585755112856,0.8960012133199603,0.9136560708224313,0.9200328974615994,0.8941111171798717,0.9210413140158146,0.9217199335493738,0.9175620427019903,0.9238216729506689,0.922491074758897,2021-07-18
238,0.9043969933501971,0.8919950959200547,0.9101947429431037,0.9180432099143176,0.8891405314232648,0.9203400067505861,0.9199436587503644,0.9157911387579848,0.9229847780834003,0.921232108835721,2021-07-25
239,0.9012109683182404,0.888867352132053,0.9086353349709227,0.9177212120504756,0.8866746685575888,0.9210298505953622,0.9187128675714588,0.9155621695744219,0.9236955043515597,0.920884830271503,2021-08-01
240,0.8996260368767168,0.8864711271458064,0.908460061178518,0.9186478083951907,0.8865065123105746,0.9224424651921416,0.9177962990057827,0.9162218940406459,0.925251499745927,0.9209605082136191,2021-08-08
241,0.8992797797868283,0.8843905662868392,0.9087478208126386,0.919990481814579,0.8880316267075996,0.9235779772644259,0.9166825732646734,0.9167170036671594,0.9265391218667132,0.9206493639644234,2021-08-15
242,0.8998097778097766,0.8822098148806757,0.9085775131200342,0.9209167151747565,0.8906455757740412,0.923436513535717,0.9148603105594675,0.9159941899644648,0.9264447283141286,0.9191416188262701,2021-08-22
243,0.9007875996788678,0.8794703578819345,0.9070122459094794,0.9205610186138506,0.8936661838867891,0.921044221113993,0.911815026727257,0.9130242769005587,0.9238708501666761,0.9156340030170066,2021-08-29
244,0.9010564240480854,0.8752429570764669,0.9029408810663083,0.9176940745143367,0.895553480403652,0.915714361297127,0.9069979833112645,0.9070443708648137,0.9178984799365038,0.9093950674457041,2021-09-05
245,0.8990073797791575,0.8683062364016124,0.8951441408461043,0.9108607683045202,0.8942351342464839,0.9069383827493236,0.8998391831269142,0.8974568371053966,0.9077193659742799,0.8997379360180595,2021-09-12
246,0.8930248255954707,0.8574344445827686,0.8824011279477857,0.8986026037573154,0.8876308414238434,0.8942104027636444,0.8897683106076053,0.8836665158751189,0.8925269153690724,0.8859764001886953,2021-09-19
247,0.8815006082037636,0.8414104393224987,0.8634993496635175,0.879472203000711,0.8736701526831985,0.8770291698181585,0.8762185148478261,0.8650839495090817,0.8715222084398666,0.8674297804306873,2021-09-26
248,0.8635405866565248,0.8198379823894595,0.8380277284405193,0.853082372515982,0.851222311732703,0.8553350363736366,0.858953315707508,0.8416633991194217,0.8446380019311542,0.8439446135916425,2021-10-03
249,0.839544460341755,0.79380837116513,0.8070274070682376,0.8209670470219262,0.8208593516829202,0.8298685722099808,0.8383348879921838,0.8143443822905087,0.8131329014715507,0.8163227894832608,2021-10-10
250,0.8100483913853144,0.7645697950189866,0.7716926955843775,0.7848627847078553,0.7833329006821261,0.8014547468921778,0.8147885472911969,0.7841703326711639,0.7784053514037301,0.7854669600263862,2021-10-17
251,0.775588541913062,0.7333704433205043,0.7332179040266426,0.7465061437630793,0.7393945868785953,0.770918529985213,0.7887396091938897,0.7521846839102073,0.7418537960703653,0.7522797771418618,2021-10-24
252,0.7368183158020135,0.7014804481315188,0.6928496726225274,0.7076223645633507,0.6900727699917006,0.739090139551172,0.7607046966830613,0.7194365642539303,0.7048710691013947,0.7176899118976946,2021-10-31
253,0.6950873424131823,0.6703002454495901,0.6521453978903002,0.669869478063306,0.6380391455843046,0.706830961196082,0.7317426502841073,0.687008918603858,0.6688166856104965,0.6827805468149065,2021-11-07
254,0.6520012484712248,0.6412781831410417,0.6127767393176307,0.6348808027716706,0.586569652604754,0.6750138406193819,0.7031116802160303,0.655997126015088,0.6350379097200853,0.6486916772223454,2021-11-14
255,0.6091660563917078,0.6158626831287833,0.5764155330065788,0.6042896189995492,0.5389411639704482,0.644511641234188,0.6760703048602859,0.6274965847619837,0.6048819866164213,0.616563386263481,2021-11-21
256,0.5681755988046759,0.5954603984454826,0.5447060491098953,0.5796852471367501,0.4983741128324083,0.6161835268065147,0.651852751678243,0.6025785418318532,0.5796598056411519,0.5875180535942349,2021-11-28
257,0.5302891926954769,0.5803317480721755,0.5185360849705248,0.5614506466091083,0.4665400958340714,0.5905127113964433,0.6310266496272983,0.5816514775583261,0.5596845684590851,0.5621922346089328,2021-12-05
258,0.49639846606114063,0.5694772468702934,0.49796194700852114,0.5486427831275853,0.44340827764722085,0.5675691770696025,0.613426923728789,0.5643953801872983,0.5441728500798202,0.5406884820802584,2021-12-12
259,0.467376203844309,0.5618328430631613,0.4829973300097077,0.5402506688541464,0.4288605779641947,0.5474017288828091,0.598850949932544,0.5504529047388571,0.5322850263980514,0.523081982607958,2021-12-19
260,0.4440951247517684,0.5563344817358398,0.4736558733992611,0.5352633075384107,0.4227788168154634,0.5300591507020056,0.5870960813357763,0.5394666869537295,0.5231814476119796,0.5094478794935196,2021-12-26
261,0.42702560502279563,0.551899044931754,0.4696149344049506,0.5326186030458095,0.4244394291114218,0.5154615047408059,0.577820855317038,0.5309622522024272,0.5158663733730191,0.4995983055014125,2022-01-02
262,0.4152847354079339,0.5473792958411123,0.4694207795678273,0.5310825839431648,0.431082626981496,0.5030958958239102,0.5702169003082933,0.5240712232043859,0.5088190502182577,0.4924607531409167,2022-01-09
263,0.4077053875613151,0.541614531314111,0.4713821220260467,0.529385181283157,0.4395209719198873,0.4923584984003613,0.5633777838075722,0.5178424946393959,0.5004084606243159,0.4867769214164882,2022-01-16
264,0.4031204331370719,0.5334440482009469,0.473807674917764,0.5262563261184672,0.44656702542079607,0.48264548691920306,0.5563970733129049,0.5113249611872482,0.4890035870678151,0.4812885093325838,2022-01-23
265,0.40041020818331335,0.5218351647497343,0.4750834550643533,0.5205456405129176,0.4492555971083868,0.4734499981211765,0.5484827252513079,0.5036914238402221,0.4731854909694351,0.47485433963290435,2022-01-30
266,0.39903688486892636,0.5073245329195941,0.47454309646707304,0.5125699632749068,0.44734589649803824,0.4654537684306185,0.54024491790759,0.49563357306031053,0.45413497599388636,0.4677689812359783,2022-02-06
267,0.3988527997130523,0.4915011595266626,0.4721556808556345,0.503630011056418,0.44242404565907734,0.4601355786744087,0.5332341235093403,0.48886162755465445,0.43477616614514625,0.4612897775485927,2022-02-13
268,0.39971748975919313,0.4759734727072942,0.46790201721480285,0.49504465807912473,0.4361098825252879,0.45898891921819684,0.5290181675083379,0.4851046030769118,0.4180653585884835,0.4566918400825694,2022-02-20
269,0.40149604263603234,0.46235086622178634,0.46177135818466464,0.488133758172114,0.4300254177217295,0.4635039805271328,0.5291614818759515,0.4860875958868365,0.4069545381153776,0.45525034645604684,2022-02-27
270,0.4047499438774599,0.45236388474868505,0.4548123300903064,0.48434007050300387,0.42606525613219703,0.47475693477450603,0.5348027393938481,0.4930439473652294,0.40385464240696,0.45824876824153493,2022-03-06
271,0.41140672288263064,0.4479807208218911,0.4501516110611058,0.48534744353973025,0.42665871952011597,0.49301182195532794,0.5462454498932839,0.5062423797712854,0.41011529910827005,0.4669868463101774,2022-03-13
272,0.42355276447126017,0.4511972027276888,0.4511575331013341,0.4928677617036621,0.434297311162224,0.5184382402959299,0.5636960032190361,0.5258394410920991,0.42696271753466,0.4827662134681743,2022-03-20
273,0.44327445346306393,0.4640091587523628,0.46119842821526313,0.5086129094161682,0.45147253433525897,0.5512057880226431,0.5873607892158823,0.5519916793147652,0.4556231070014827,0.5068885025217253,2022-03-27
274,0.4723120692228189,0.48802806414729905,0.4831218669673665,0.5339325618201661,0.48019402660664723,0.5911943371795598,0.6172493405561289,0.5846648864838735,0.4968168885860833,0.5402855134007981,2022-04-03
275,0.5101567254053111,0.5223676766206025,0.516391252591712,0.5678225776788858,0.5193400220517892,0.636400974708487,0.6520919139117514,0.6225852274762336,0.5479776193617588,0.5814856877184658,2022-04-10
276,0.5554007527740326,0.5651436478781324,0.5591176505713794,0.6083382136994636,0.5665374232537586,0.6840704130016818,0.6901075580089376,0.6639835031832299,0.6052254017640579,0.6280570677151457,2022-04-17
277,0.60663412105696,0.6144690076758409,0.6094085738992007,0.6535322556976999,0.6194098456412759,0.7314453880196621,0.7295139786687885,0.7070892132120594,0.6646768878813138,0.6775651727338462,2022-04-24
278,0.6624097351169539,0.6684282749303315,0.66533794347893,0.7014465102782119,0.6755657823077647,0.7757965532338301,0.7685338663594912,0.7501314313690229,0.7224793087474554,0.7275788106443313,2022-05-01
279,0.7200967592195138,0.7241954178818019,0.7239068496653192,0.7497721409779421,0.7321307643240954,0.8152861636605528,0.8055491062231016,0.7913256326570521,0.7757564951817039,0.7757718149951954,2022-05-08
280,0.7756607853177492,0.7778647563058446,0.7808443175837742,0.7957845505646096,0.7856576701679093,0.8491336546181905,0.8391303420173915,0.8288711678505686,0.8227902415148683,0.8199425492660232,2022-05-15
281,0.8249859738560992,0.8254679716639948,0.8318055705399888,0.8367350204789568,0.8326661545461883,0.8766197961965061,0.8678591687697728,0.8609664522394149,0.8619295240212175,0.8578966018296701,2022-05-22
282,0.863956512007131,0.8630367711586341,0.8724458598227353,0.8698748497210411,0.8696758948116161,0.8970253676713424,0.8903171925970087,0.885809915211474,0.8915233342106483,0.8874395773964558,2022-05-29
283,0.889652266358425,0.8877543755103906,0.8996722561802111,0.8932408510486199,0.894219620905537,0.9100420864167975,0.9055821003579936,0.9022306601987942,0.9106022274704708,0.9071079350609994,2022-06-05
284,0.9035378660764992,0.9010268040601164,0.9149824681623151,0.907750451610529,0.907545101286714,0.9168686506689534,0.9145507925293481,0.9113705810968555,0.9206961714445866,0.9181183029621418,2022-06-12
285,0.9080827942810188,0.9052278128984834,0.9209262385989001,0.9149812275844866,0.9117514780226542,0.9190491127507366,0.9185370779065545,0.914901592890796,0.923907922894065,0.922301522302875,2022-06-19
286,0.9057565340916486,0.9027311581161639,0.9200533103198194,0.9165107551482109,0.9089378931808656,0.9181275249850738,0.9188547652850946,0.9144956105657532,0.9223402385799752,0.9214884342861915,2022-06-26
287,0.8989991634013291,0.8958817100219107,0.9148733989323419,0.913911819315346,0.9011873698022461,0.9156042862495068,0.9167949632787844,0.9117870264294632,0.918052018109778,0.9174833182027055,2022-07-03
288,0.8898487761150952,0.8866294560038821,0.9073490281206777,0.9086917075177872,0.8903625758643507,0.9123830312399543,0.9133384577945998,0.9078972792375422,0.9125026121171717,0.9117273388680369,2022-07-10
289,0.8800523722569009,0.876638431757167,0.899046476381739,0.9023102775736979,0.8781666107735112,0.9089352520622199,0.9092413167312398,0.903576356034115,0.9067172120580749,0.9053987143014591,2022-07-17
290,0.871350451463756,0.8675662874195718,0.8915231737026956,0.8962263281555095,0.8662990106270227,0.9057227906912259,0.9052545898331162,0.8995659490140734,0.901711314225317,0.8996697906848994,2022-07-24
291,0.8654790923927268,0.8610666850220117,0.8863326006049649,0.8918951454161249,0.8564563164333261,0.9032061995136026,0.9021274142412123,0.8966056125674557,0.898497385243719,0.8957093318171782,2022-07-31
292,0.8634156628070961,0.8581088636434556,0.8843504460954844,0.8901692109571149,0.8498210640321634,0.9016247169318542,0.9002806937465224,0.8950680195667042,0.8975679522333802,0.8940713072380164,2022-08-07
293,0.8645250045620603,0.8582074243035718,0.8850118552449778,0.890619835957298,0.8464833485744623,0.9007472117569187,0.8994377215151107,0.8945460913910782,0.8983104890867837,0.8940030337435628,2022-08-14
294,0.8679656942726256,0.8606908989069922,0.8875677068500474,0.8926544514843905,0.8463935263455966,0.9002823857684348,0.8992325562874801,0.8945330079966305,0.8999711175058698,0.8945846884637771,2022-08-21
295,0.8728963085537991,0.864887819358349,0.8912688797072954,0.8956804886061087,0.8495019536309408,0.8999389407460411,0.8992992568041336,0.8945219493394141,0.9017959591925779,0.8948964485286196,2022-08-28
296,0.8784625401469937,0.8700798061116048,0.8953708982111775,0.8991114149944532,0.8556077331714363,0.8993651514278335,0.8992258954064194,0.8939825584679126,0.9030199442682685,0.8940176632304189,2022-09-04
297,0.8837183284326998,0.8752143966111726,0.8991623706895999,0.9024036883995014,0.8634328055523358,0.8977789573648903,0.8982730492418904,0.8922168587811643,0.9027983012703944,0.8910217863608683,2022-09-11
298,0.8876778070098492,0.8790941915365682,0.9019462584251154,0.9050324171541512,0.8712318011585792,0.8942116038196124,0.8955592167155393,0.8884541544766031,0.9002516814325703,0.8849797140395694,2022-09-18
299,0.8893549482968988,0.8805212046933497,0.903025580817866,0.9064727851107284,0.8772574581555074,0.887693580097026,0.8902023209310255,0.8819234552990745,0.8945005959789436,0.8749623320296694,2022-09-25
300,0.8877828085980349,0.8783208085089071,0.9017157721576681,0.906209826360471,0.8797908636308551,0.8772757698047119,0.881337742065335,0.8718704256641954,0.8846858308084176,0.8600636378610991,2022-10-02
301,0.8827115373935671,0.8721960954178213,0.8977987667330443,0.9040987060679231,0.8781783394514551,0.8627753897488939,0.8687568246171308,0.8581665433534034,0.8707100099026307,0.840246073283386,2022-10-09
302,0.8748087190195137,0.8629730955076331,0.8916533297231894,0.9004681277872518,0.8731290478351524,0.8449900883044293,0.8530901408909558,0.8414839394162046,0.8534504378492871,0.8165831504394558,2022-10-16
303,0.8648018540148976,0.8515511761278785,0.8836972043781475,0.895677721107434,0.8654411559232771,0.8247815442637378,0.8350230718170228,0.82254703428641,0.833848074067486,0.7902209437024871,2022-10-23
304,0.8534184429187418,0.8388297046280929,0.8743481339479624,0.8900871156174464,0.855912830857159,0.8030114364192396,0.8152409983255452,0.802080248397831,0.8128438779763274,0.7623055274456586,2022-10-30
