,0,1,2,3,4,5,6,7,date
0,0.45203803811217264,0.4212797390817292,0.39262512489774243,0.39541098921023166,0.3929685982712767,0.3604325773744639,0.3918420780845729,0.39200602945867935,2017-01-01
1,0.44240658780776976,0.4042600917808797,0.37286707248159817,0.37304875414961536,0.37755645453884085,0.34608355839980914,0.3733055104961812,0.3696694232862607,2017-01-08
2,0.4321166591860502,0.38714515957593465,0.3536125064663279,0.351389778988525,0.3627134346452193,0.3323902508874026,0.35564635488000407,0.34798576695962824,2017-01-15
3,0.4208564864086711,0.37025180268334307,0.33537147418568214,0.33109016008606507,0.3490045538885767,0.3197157750379225,0.33934401909417006,0.3276134989782557,2017-01-22
4,0.4083143036372897,0.35389688131955377,0.3186540229734115,0.3128059938013398,0.33699482756707755,0.3084232510520472,0.32487791099680746,0.30921105784161673,2017-01-29
5,0.3942435042039332,0.33842331540047205,0.30397743171252994,0.29718049872920305,0.3272635547393141,0.29889016221388137,0.3127329831891148,0.29344220753113504,2017-02-05
6,0.3793951964337152,0.3245730500707667,0.29196970852159226,0.2846597095777709,0.3206087469160991,0.2917139188508009,0.3034790891889568,0.2810522556261169,2017-02-12
7,0.3653003310665064,0.313399919942644,0.28334541063891827,0.2755355365211488,0.31799936748133406,0.28766383252218003,0.29775244348534413,0.27285024650116685,2017-02-19
8,0.3535106126633345,0.30596605989270675,0.27882139862067634,0.2700957880419283,0.32040892933371184,0.28751378956732054,0.2961910266211737,0.26964692074800434,2017-02-26
9,0.3455760743263344,0.3033313207948392,0.27911286943327906,0.26862736977243057,0.3288086453986939,0.2920356766290175,0.2994310540771283,0.27225103909846116,2017-03-05
10,0.34263395891360215,0.30599148697991463,0.28452417319302475,0.27119421579300546,0.34360171791636684,0.30150752721825036,0.3076728344353971,0.2809824080841835,2017-03-12
11,0.34487001704356446,0.31314215473879625,0.2944126473500417,0.2773463049623578,0.363882069736162,0.3150690305434259,0.32011189954925,0.29503378209896014,2017-03-19
12,0.3523363921771837,0.32379634984736794,0.308002651212194,0.2865614472939143,0.38855977659828655,0.33170003116037083,0.3358026919839518,0.31343965651335776,2017-03-26
13,0.36508522777542207,0.3369670980815137,0.3245185440873457,0.29831745280110167,0.4165449142429479,0.3503803736249119,0.35379965430476706,0.3352345266979432,2017-04-02
14,0.38294789030894866,0.3516399711960196,0.3431172214302365,0.31200203655072,0.4466436103042606,0.3700376012690222,0.37311416545523596,0.3594014758981917,2017-04-09
15,0.4040297713995926,0.36658591282771685,0.36242816452285187,0.32629857566348724,0.47684935421313696,0.3891903805901141,0.39242094462147625,0.3845216612588761,2017-04-16
16,0.4256241728208002,0.3804748817607975,0.3808327005701495,0.33955904863271463,0.5047732803298619,0.40616499710924403,0.41023630892972307,0.4089871293439286,2017-04-23
17,0.4450196643289075,0.39197624834450245,0.3967107107925808,0.3501335029043322,0.5280242950460544,0.4192866153507294,0.4250756525033453,0.43118882477701453,2017-04-30
18,0.4595306508898263,0.39977340251499566,0.40845795989648886,0.35639529263290304,0.5442404673101819,0.4269017774050823,0.4354700647467566,0.44952761121973556,2017-05-07
19,0.4676284642011433,0.40317754544532286,0.4151814911000604,0.3577614698832498,0.5523657947678801,0.4283143343297198,0.4406534855734269,0.462848536852795,2017-05-14
20,0.4693820855557899,0.402366849691501,0.41697058253360975,0.35509037379424685,0.5531476878457817,0.4241501260701382,0.44083045121951225,0.4706100432531856,2017-05-21
21,0.4649773647041241,0.3975829069775901,0.4139863630507544,0.3493457740056393,0.5474654770551446,0.4151316963813141,0.4362764972788171,0.4723154418743922,2017-05-28
22,0.45460015139650395,0.3890673090276501,0.4063899615051121,0.34149144015717264,0.5361984929072262,0.40198158901822445,0.427267159345146,0.4674680441698993,2017-06-04
23,0.438701174226446,0.37720916281344624,0.3944584248087214,0.3324491299543795,0.52035500355765,0.38547884533034565,0.4142131752548163,0.45590616886080093,2017-06-11
24,0.41888698232814625,0.3630412701799485,0.37897461782178565,0.32295727858470274,0.5015059071405135,0.366649038551102,0.3981152489100623,0.438929966336447,2017-06-18
25,0.39707930514558193,0.3477719619079783,0.36085933672860615,0.3137043310805329,0.481375525167218,0.3465849686094285,0.3801349618588003,0.41823821336617656,2017-06-25
26,0.375199879168247,0.3326095727021178,0.3410333807967905,0.30537873135678445,0.46168818257877925,0.32637943693704097,0.3614338992451937,0.395529695630193,2017-07-02
27,0.3551472357455568,0.31875803284254334,0.32044006790308155,0.2986498796905556,0.44414505993493464,0.3071295732532565,0.34316228629318024,0.3725110947440203,2017-07-09
28,0.33841993706693896,0.30734535693196857,0.3004108518781293,0.2938589358141948,0.43004841588816256,0.29000711064329887,0.32627454601500516,0.35102518849010633,2017-07-16
29,0.32617922053407056,0.2994355340372681,0.2826045314865631,0.29107022893618634,0.4203640675320491,0.27624670095485504,0.3115599663422427,0.33302953502702254,2017-07-23
30,0.31957576135469257,0.2960905484804802,0.26869015520131256,0.29033942024598125,0.41604729742159235,0.26708496612555366,0.2998026645554774,0.32048528647570795,2017-07-30
31,0.3197583401864569,0.29837080589458065,0.2603351202821631,0.2917221299518858,0.4180515108690117,0.26375712108611116,0.29178619169963166,0.315351295956971,2017-08-06
32,0.3271545332837945,0.3067357473298701,0.25857825143370144,0.2952583778395543,0.42661549721204006,0.2669627709745134,0.2880785480907091,0.3187112489056273,2017-08-13
33,0.3403871337556975,0.3201409256948504,0.2628853974493284,0.30094914430478414,0.4401897499038393,0.27606118035104704,0.2887083275729803,0.32945876108684313,2017-08-20
34,0.35780121160305467,0.33731047302619444,0.2724803549068474,0.30878940229548796,0.4569495763772862,0.29020535988222984,0.2936211192029998,0.34615043661031,2017-08-27
35,0.377741836826755,0.356968521360575,0.2865869203840622,0.3187741247595782,0.4750702840652576,0.30854832023457945,0.30276251203732196,0.367342879585719,2017-09-03
36,0.39858754889907294,0.3778523112425555,0.30439590051760634,0.33084792521163053,0.4927875285497353,0.33018209381662766,0.3160141693772851,0.3915571153166621,2017-09-10
37,0.419004700990417,0.3988118070804711,0.3248144118654779,0.34452236178337264,0.5088559166614172,0.3536743432990506,0.33270803840225144,0.41700821662721127,2017-09-17
38,0.4378063713226862,0.4187544389794716,0.3466049481214211,0.3590882245410828,0.522294612301018,0.3773254119813958,0.3518958255427045,0.44175528428867455,2017-09-24
39,0.4538068075783578,0.43658809507056123,0.3685288502739227,0.37383454393639437,0.5321248880007435,0.39943351251501535,0.37262700359209916,0.46385617590928035,2017-10-01
40,0.4658346105478992,0.4512301918970814,0.3893538624949809,0.3880515534533395,0.5373791895914924,0.41831010716250205,0.3939508775658944,0.4813852055722398,2017-10-08
41,0.47349611202759817,0.4621144482357459,0.40819468895694705,0.40109467354439066,0.5376953942042778,0.43298459561741665,0.4149076613371203,0.4933083904573615,2017-10-15
42,0.47755744221956636,0.46944452324459157,0.4246834410748846,0.41241653531906114,0.5336142338793989,0.44355700826913463,0.43452401153032527,0.4999215080628194,2017-10-22
43,0.4788793440983138,0.47348688544032713,0.43849443874892324,0.4214777000320717,0.5257500927725671,0.450214714253004,0.45182547881159274,0.501628813627155,2017-10-29
44,0.47832256063835044,0.47450800333966126,0.4493020018791931,0.42773872893814313,0.5147173550394938,0.4531450827043729,0.4658376138470064,0.49883456238890955,2017-11-05
45,0.4766445332420774,0.47278778122580745,0.45682919035069547,0.4307555920896209,0.5011735055700354,0.4525904101965325,0.47570534475934806,0.49199628486638414,2017-11-12
46,0.47411084150435484,0.46867009666199577,0.4610311354154898,0.43053854055991214,0.4859812497997759,0.44905452571083687,0.48114200546070784,0.48182517737274255,2017-11-19
47,0.4708408306186787,0.4625178469730299,0.46193196497655475,0.42723288675905896,0.47006430685390144,0.4431190138798087,0.4820299213950593,0.46910785306606256,2017-11-26
48,0.46695382170462374,0.45469393261485264,0.45955581829548175,0.4209839653316526,0.45434640590201114,0.4353654721365391,0.47825144582670276,0.4546309375199631,2017-12-03
49,0.462557528415141,0.44555490154323785,0.4539392439374111,0.4119506455375889,0.43972286958090256,0.42636097973917203,0.46972274366129463,0.43916914679025165,2017-12-10
50,0.45753316515455295,0.4353333438718436,0.4453609361501617,0.4005559007945752,0.4265347171169743,0.4163893193555196,0.45701975437979586,0.4232648036876694,2017-12-17
51,0.45155588211371817,0.42414907549810826,0.43431988818893197,0.38746298088274245,0.4146186742478997,0.40547653642284065,0.44131866638119777,0.40724880457651647,2017-12-24
52,0.4442933204817315,0.4121178028150867,0.4213231210280815,0.3733438912783162,0.4037930902032113,0.3936392844064146,0.4238175411986382,0.3914443414189915,2017-12-31
53,0.4354135264270762,0.39935534430741154,0.4068777166101872,0.35887055170888177,0.39387638255000146,0.380894470484286,0.4057144486370747,0.37617463749268815,2018-01-07
54,0.42484655278323846,0.3860500375587528,0.39153020105611874,0.3446594057073142,0.38473118072529366,0.36742314459650005,0.38821281006205827,0.36178317597566634,2018-01-14
55,0.41323502111706284,0.37258744735898525,0.3759343751935348,0.33117602048509687,0.37634035536744076,0.35385276899100127,0.37253060125802834,0.34866854006267256,2018-01-21
56,0.4013415468882279,0.35938635081721326,0.36076210450697205,0.3188605562490374,0.36870702528055316,0.3408859800682421,0.35988824891878735,0.3372385915838857,2018-01-28
57,0.3899287455564119,0.3468655250425409,0.3466852544809669,0.3081531732059431,0.361834309268741,0.3292254142286748,0.35150617973813714,0.3279011923694841,2018-02-04
58,0.3797603854908132,0.33546413751817306,0.3343942011199916,0.29948132751965667,0.3557717712381597,0.3195669391235374,0.3485063670621321,0.3210686177604771,2018-02-11
59,0.3716111661093779,0.32581468241034245,0.32475482370288933,0.2931520248671723,0.3510093337405209,0.3125422460516667,0.3510773212675151,0.3171949887945308,2018-02-18
60,0.36626181918469713,0.318656342195003,0.3187298538798361,0.2894057997139278,0.3482799334776252,0.3087476102666097,0.3588924164610467,0.31675751926906626,2018-02-25
61,0.36449313975181324,0.31472941820871647,0.3172830390102578,0.28848248942911586,0.3483190556869125,0.30877893560710695,0.3716196244173896,0.32023366515967117,2018-03-04
62,0.3670800903180378,0.31477229414636293,0.3213716476294165,0.29062055197125575,0.3518606801047229,0.3132287166372285,0.3889228474430968,0.3280987798526954,2018-03-11
63,0.37440818891908656,0.31939531059940895,0.3315203498573649,0.29596634048848014,0.35953826245663717,0.3224618067963491,0.4101942648575715,0.340687824473637,2018-03-18
64,0.38623543977600805,0.3290024916697444,0.3475567678354416,0.3045177991897011,0.3718232836295675,0.33647626024704935,0.43438822737913074,0.35810954539959566,2018-03-25
65,0.40226297722568527,0.34397916355239305,0.36924535212711607,0.31625942238203525,0.3891725451677609,0.3552368891229766,0.4604194065011155,0.38045218777528855,2018-04-01
66,0.42219193560500085,0.3647106524423788,0.3963505532958572,0.3311757043725989,0.4120428486154638,0.37870850555777763,0.4872024737168661,0.4078039967454325,2018-04-08
67,0.44549088173685647,0.39126733103432926,0.42833820729893474,0.34908146939185997,0.4405700095902443,0.40659940369299785,0.5136520163993593,0.4399581788843383,2018-04-15
68,0.4704194633076638,0.42208239876846626,0.4631219087436102,0.3689095723916058,0.473221313042324,0.43728446052951037,0.5386821846519152,0.4751742881608392,2018-04-22
69,0.49484574769441814,0.4550587592280115,0.49811246662495756,0.38930719015655957,0.5079235911031467,0.46870664668109774,0.5612069869420871,0.5112151140012411,2018-04-29
70,0.5166376013735516,0.48809904392751113,0.5307204319835264,0.4089213529040526,0.5426033986244437,0.49880871117165615,0.5801404316647625,0.5458431909664396,2018-05-06
71,0.533702548160861,0.5191178616090248,0.5583909968604381,0.42641428484392685,0.5751981486607901,0.5255475611042091,0.5944107358753659,0.5768430392895314,2018-05-13
72,0.5448299283079517,0.5462961453884998,0.5793396269497249,0.440786062208769,0.6038866961255304,0.5471949211432601,0.6032620589137327,0.6024880503031128,2018-05-20
73,0.5496743853248705,0.5680761654801392,0.5925376372068853,0.45136828652858746,0.6270848164731045,0.5623314381401778,0.6062485859675729,0.6215313316822957,2018-05-27
74,0.5479269170555727,0.5829111717587908,0.5969880983865192,0.457506487839084,0.6432182389959584,0.569550737818447,0.6029375274652664,0.6327461456178801,2018-06-03
75,0.5392790359158038,0.5892549781914439,0.591694756475311,0.45854650597398466,0.6507133737343141,0.567447177549687,0.5928964401874368,0.6349063547217366,2018-06-10
76,0.5240787519112431,0.5862810750642808,0.5765228276097234,0.45422942524128235,0.6488651378703985,0.555548561207221,0.5761347617522152,0.6275518468600689,2018-06-17
77,0.5046165145430899,0.5752923248467561,0.5538864384916142,0.4454657759438566,0.6395381801446927,0.5361445662487789,0.5539693630482413,0.6124890189181473,2018-06-24
78,0.48354031519427565,0.557983540305397,0.5266688899114145,0.4333813465290805,0.6250701558747187,0.5120332439994635,0.5279577722164671,0.5919414606469706,2018-07-01
79,0.4634981452477329,0.536049534206732,0.4977534826595564,0.4191019254443276,0.607798720378,0.4860126457843785,0.49965751739784664,0.5681327617975392,2018-07-08
80,0.44697331661726386,0.5111983627388882,0.4699094809139946,0.4037429006756235,0.5900043917925127,0.4607756934752682,0.4706279986212579,0.5432364628847172,2018-07-15
81,0.4347229417520509,0.48527690198901013,0.44471079681247744,0.3883106407246292,0.5733687661849878,0.43791332332864913,0.4424482373775141,0.5189014794347301,2018-07-22
82,0.4264737606806587,0.46021488996044313,0.4230178341176202,0.3737464401126807,0.559215941663805,0.418358693859173,0.4167089672530739,0.49646357711451006,2018-07-29
83,0.42193872313430925,0.4379431736637599,0.4056814471393806,0.36099072242404245,0.5488652316565361,0.40303616001642617,0.39500107858672806,0.47725433045622384,2018-08-05
84,0.4208268208759838,0.4203822893046466,0.39354489909156404,0.35097957225648374,0.5436231866647201,0.392861593678593,0.37890562019348295,0.4625960313381845,2018-08-12
85,0.4225140969274916,0.4085854165820676,0.3868128816396258,0.3442840737824398,0.5437227254936843,0.3880372612140461,0.36917576083586956,0.4530301043535257,2018-08-19
86,0.42579653625402375,0.4020946403402222,0.38457757714790536,0.340839413178037,0.5475263027054109,0.38752219670333665,0.365122349678925,0.4477375594011418,2018-08-26
87,0.4294119174450687,0.4003004134377959,0.3858195323718336,0.3405169669416304,0.5532086796762706,0.3901506811185909,0.36591150520871973,0.44576289451201956,2018-09-02
88,0.432098019090115,0.40259318873347427,0.38951929406684127,0.34318811157157525,0.5589446177826345,0.39475699543193504,0.37070934591132443,0.44615060771714554,2018-09-09
89,0.4328387230824351,0.40826161021233204,0.39471175868785724,0.34860105086590887,0.5630742049270038,0.4002392791593554,0.3786370613751896,0.44797654895561395,2018-09-16
90,0.4320155871667109,0.4160161264353398,0.4007404868213036,0.3558044632358097,0.564876455428622,0.4058583388078441,0.38856067990377696,0.45049462268339724,2018-09-23
91,0.4305029427559941,0.42436333363255524,0.4070578636828728,0.3636003978825056,0.5639614175973681,0.4110028451122643,0.3992562684820472,0.4530215094124207,2018-09-30
92,0.42917567639742954,0.4318095983842268,0.41311639708462483,0.370790626167129,0.5599395126694072,0.4150616128529031,0.40949979274905224,0.4548739603749647,2018-10-07
93,0.4288876529394721,0.4368902901711922,0.41837305002189984,0.3762042776051505,0.5524373977526098,0.41744036653108135,0.41808753123647735,0.4553795485934663,2018-10-14
94,0.42995606005441234,0.4388812131564974,0.42239852487985435,0.3793689265538096,0.5414962265142258,0.41797653036315846,0.42433434406252885,0.45414212389691155,2018-10-21
95,0.43213008890817195,0.4378418163671154,0.42488390102057166,0.3805513519567063,0.5275958383120584,0.4169644213510123,0.4281039362422951,0.4510579358433603,2018-10-28
96,0.43513163878437683,0.43386920248307576,0.4255260418457351,0.3800538510825314,0.5112371510811499,0.41472030991346015,0.4292863844501205,0.4460372836177624,2018-11-04
97,0.4386825954299745,0.4270605202373116,0.424021853043628,0.37817871227460664,0.4929210986592011,0.411560446977086,0.42777180270558846,0.4389904960086988,2018-11-11
98,0.44246101564249624,0.41766202808637753,0.42020515551824833,0.37519932538850903,0.4732001043839608,0.4077379716728512,0.4235712211445483,0.42992375220607004,2018-11-18
99,0.446003734983262,0.4064004308534751,0.4143509246223539,0.37129596647676155,0.45279249588578363,0.40330267064628994,0.41708527366119874,0.4191520709304048,2018-11-25
100,0.44881920054116187,0.3940990133011938,0.4068228171368072,0.3666301937368267,0.432449951086829,0.39826345236780514,0.408792912792523,0.40705255421728953,2018-12-02
101,0.45041585940508577,0.38158106019212373,0.397984489842471,0.3613635653661674,0.41292414790925724,0.3926292253078,0.3991730910755049,0.3940023041023111,2018-12-09
102,0.4503207530219058,0.36962890162462875,0.38819688520740203,0.3556386351394051,0.3949352376565128,0.3864045510339231,0.38869201040384943,0.38037879412791564,2018-12-16
103,0.4482770822500354,0.3585487697254483,0.3777893918132905,0.3493770304156311,0.3788368746894789,0.37954345836930403,0.3776676464431503,0.36656381660379517,2018-12-23
104,0.4441675056327534,0.34833973663962925,0.3670710408957844,0.342357845382628,0.3647462637286778,0.37196737436641514,0.36632234503441424,0.3529419501410912,2018-12-30
105,0.43787700600808643,0.33899575517918973,0.3563505244014304,0.3343577986753225,0.35277666866729135,0.3635971827148842,0.3548768581882375,0.3398978197893022,2019-01-06
106,0.4292925442596965,0.330510740265231,0.3459359833082239,0.3251566950558827,0.34304026337427646,0.3543554600110391,0.34355232739212005,0.32781573322210644,2019-01-13
107,0.41851651425075165,0.3228744800419018,0.33607555148688334,0.31487045569084654,0.3355305049597964,0.34434916076841754,0.3326123128565083,0.31704543206607816,2019-01-20
108,0.406057431917753,0.31606898308675035,0.32690424080202735,0.3042486293897287,0.3300170524120605,0.3340328183261659,0.3224003401701797,0.3078714959900047,2019-01-27
109,0.3924688045777884,0.3100753961343842,0.31854453113451,0.2941109600691494,0.326244771714561,0.3238994718133237,0.3132687937183339,0.3005712858320916,2019-02-03
110,0.3783041395479454,0.30487486591941104,0.31111890236518513,0.2852771916457288,0.3239585288507908,0.3144421603589307,0.3055700578861702,0.29542216243054464,2019-02-10
111,0.3641099029084055,0.3005389542368573,0.30482341815838065,0.2785404211081443,0.3229695414535144,0.3061975292807855,0.29967497420452066,0.2927192947983527,2019-02-17
112,0.3503888266901853,0.2977008027220058,0.3003111807423221,0.2745282378684758,0.32350114598201196,0.29997306767430276,0.2960690239649797,0.292868460865907,2019-02-24
113,0.3376268766558134,0.2972088451808677,0.298410506655783,0.27380478090329385,0.32593467238179297,0.2966800976798738,0.2952816377628328,0.2963178425678432,2019-03-03
114,0.3263099842837057,0.29991195565463147,0.29995007072043584,0.276934059444025,0.3306517736676648,0.2972301537584719,0.29784233606207494,0.30351570854763643,2019-03-10
115,0.31692108624302545,0.3066418307754061,0.3057333271070096,0.28446037715457356,0.3380310669587503,0.3025095942827878,0.30426197528093,0.31489113170786764,2019-03-17
116,0.30985457112457543,0.3177222795480418,0.31581802634102496,0.29634539954389844,0.3483614064856817,0.312660391572735,0.3144995685486822,0.33030562093426247,2019-03-24
117,0.30540374177455293,0.33289731071601286,0.3294106299124064,0.31188565728326184,0.361829173917414,0.3269747330651145,0.3278841493180238,0.34897275878463674,2019-03-31
118,0.303856384904306,0.3518792939777475,0.3456711454304249,0.33034138538748437,0.3786151591110137,0.3446984343959748,0.3437103737626185,0.3700707712092971,2019-04-07
119,0.30550026977926087,0.3743805752811153,0.363759572764488,0.3509728037720459,0.39890013114925316,0.3650772976976175,0.3612728883001698,0.3927778807177375,2019-04-14
120,0.31038206302388743,0.39978526785319113,0.3827289468704503,0.3728314594626029,0.4225777583685611,0.3871705033153673,0.37973151197108423,0.4162247577895558,2019-04-21
121,0.31770172833403526,0.4263247990572105,0.40125666390898407,0.3942360831778844,0.4485334702832067,0.4093818542293334,0.39777257777363506,0.4393750799472665,2019-04-28
122,0.3264734652289331,0.4519777003077107,0.4179377059742273,0.41334462785580706,0.4754314917224335,0.4299713655189219,0.4139785372362369,0.4611558869410018,2019-05-05
123,0.33571147322780914,0.4747225030192277,0.4313670551603172,0.4283150464342866,0.5019360475154835,0.4471990522635378,0.4269318418873036,0.4804942185208929,2019-05-12
124,0.3444518717688342,0.49264128826292014,0.44024744921892967,0.43743330162017546,0.5267364743553808,0.45943214092942264,0.43532763171043154,0.49637570925392727,2019-05-19
125,0.3520143931726572,0.505155923843269,0.44467583236384045,0.4406416222611519,0.5488470210887948,0.4664250223484951,0.43931907660623926,0.5085441281213015,2019-05-26
126,0.3579164164896028,0.5126219603509161,0.4457207561114206,0.439036471044152,0.5675083643044592,0.46889878709495036,0.44007543164873286,0.5172715797225144,2019-06-02
127,0.3616793414632412,0.5154139421239756,0.44447053721739405,0.43373779103552135,0.5819657867715109,0.46759419114868545,0.43878662195690604,0.5228409164971913,2019-06-09
128,0.36282967332201377,0.5139087625924246,0.44201299023731455,0.42586523891627504,0.5914690315588259,0.4632532477764419,0.4366413900532625,0.5255365989768487,2019-06-16
129,0.3616389753100244,0.5088261248832733,0.4393626422189342,0.4164966783366889,0.595918746038368,0.4568014497116838,0.43465589877071054,0.525877761143879,2019-06-23
130,0.35989991111259473,0.5015856077982443,0.4373843974180761,0.4066246488566187,0.5965444550678867,0.4495388789036405,0.4334939745650309,0.5248626431471284,2019-06-30
131,0.35959071308475055,0.49369217240205565,0.4369249066592295,0.3972312808101223,0.5947378016799445,0.442811315810707,0.43377646014745963,0.5235479343289,2019-07-07
132,0.3626896135815181,0.486650779759425,0.4388308207668836,0.3892987045312578,0.591890428907104,0.4379645408912781,0.4361241982292329,0.5229903240314969,2019-07-14
133,0.37087587587758497,0.48182439688137835,0.44381947563782365,0.3837170355372906,0.5892795024805915,0.43619921411127777,0.44107520783807824,0.5240961153440468,2019-07-21
134,0.3837953027525328,0.4796102076337521,0.45172866204458284,0.3807505437071973,0.5874035622296165,0.4377289475849359,0.44860417654188545,0.5267487480398645,2019-07-28
135,0.40024691577531096,0.4800032208596275,0.4620299072955595,0.38040288194286825,0.5864369096785248,0.4423563232752597,0.4584512073190244,0.5304057173317693,2019-08-04
136,0.4190269468923074,0.4829971204830834,0.4741935320866169,0.38267684457376727,0.5865527781861447,0.4498825690540594,0.4703556303361218,0.5345231152075903,2019-08-11
137,0.43892800819983663,0.488572671485195,0.4876848853986029,0.3875716633947401,0.5879137731752293,0.4600954619562063,0.4840461837076797,0.5385574645679546,2019-08-18
138,0.45861749813898006,0.49626376175491094,0.5017973404130609,0.3949633391351985,0.5903148708308112,0.47231750326635974,0.49888521756646675,0.5419801939491933,2019-08-25
139,0.47660860098856955,0.5050539016982897,0.5156124635100512,0.404576100136122,0.5930982721609042,0.48529815684845745,0.5137838356092609,0.5442810897905234,2019-09-01
140,0.49140500205639476,0.5138927006859952,0.5281987746240644,0.4161248261708763,0.5955782890469152,0.49775158977017314,0.5276253465705218,0.5449510693040134,2019-09-08
141,0.5015103881609976,0.5217297684987704,0.5386247941811146,0.42932439662851696,0.5970692336311935,0.5083919698037813,0.5392930596532387,0.5434810502246938,2019-09-15
142,0.5059466281709165,0.5276553701307001,0.5461276334194851,0.44375787396923905,0.5969749201972734,0.5161751400053184,0.5478309877512604,0.5395413241903396,2019-09-22
143,0.5057201531519973,0.5312984596702834,0.5505900819695314,0.458503480908247,0.5950419432658197,0.5209825247630592,0.5528986156178943,0.5334891589054793,2019-09-29
144,0.5023124230868792,0.5324169329430714,0.5520494803784809,0.47251860067405943,0.5910989459448189,0.5229170975294775,0.5543027486251277,0.5258462580884372,2019-10-06
145,0.4972048979582019,0.5307686857746148,0.5505431691935609,0.48476061649519525,0.5849745713422579,0.522081831757047,0.5518501921449476,0.5171343254575369,2019-10-13
146,0.49183807217274556,0.5261458982587648,0.5461268398933918,0.49421527152633926,0.5765177371768595,0.5185903490473858,0.5453980707784113,0.5078648050290271,2019-10-20
147,0.48706009642250664,0.5188364855161013,0.539121530131837,0.5002783806388349,0.56587052287659,0.5127102384268957,0.5355311024399232,0.49840079016344685,2019-10-27
148,0.48327345654140935,0.5095013415219032,0.5300479175058846,0.5026542865888376,0.5533955755369397,0.5048249302296535,0.5233814283770537,0.488993758832717,2019-11-03
149,0.4808697550161473,0.49881046857200045,0.519431554914632,0.5010548665297966,0.5394609286204646,0.4953206836894183,0.5100945581748344,0.4798924633080252,2019-11-10
150,0.4802386181527193,0.4874328293604652,0.5077971262835098,0.4951937029054634,0.5244347610468632,0.4845834927050277,0.4968137259927984,0.4713446162333285,2019-11-17
151,0.4813657860065628,0.4758249156989534,0.49549171714485657,0.485132900593871,0.5087149798575736,0.4729451227706831,0.484217120928922,0.46338545416423993,2019-11-24
152,0.483343162886595,0.4639730026746506,0.4824693721883253,0.471705875231445,0.4927652830385155,0.46061732715815207,0.4719537465142448,0.45557998541072453,2019-12-01
153,0.48514283274347125,0.4518003319409074,0.4686314482414355,0.45584943810841144,0.47705818797511046,0.44779577127569425,0.4595346420242605,0.44743018330447765,2019-12-08
154,0.4857368795278469,0.439230145151075,0.4538793021317066,0.43850040051499634,0.46206621205278003,0.43467612053156945,0.4464708467344629,0.4384380211771947,2019-12-15
155,0.48417667995448166,0.4262068540890745,0.43817501529498415,0.42055482513334597,0.44821341117485974,0.42145768409245193,0.4323660339810485,0.42817930808054583,2019-12-22
156,0.4801051187925668,0.4128327954502248,0.4219336625181819,0.40260479823415896,0.4355623283461547,0.40836695282910723,0.4175149085409667,0.4167806526702153,2019-12-29
157,0.47343235807248163,0.39928166546159805,0.40577500696279,0.38510505211280394,0.4240121543116347,0.395642699865045,0.4025244228258287,0.40461754645060233,2020-01-05
158,0.46406986758926133,0.3857275095063179,0.39031981331291327,0.36850964700345706,0.41346128054770714,0.3835237584197804,0.38800305704807114,0.3920666986884829,2020-01-12
159,0.45194183902504076,0.3723480520465742,0.37618220466061214,0.35326863789615903,0.4038076021547708,0.3722465568558857,0.3745546754257683,0.3795052413425347,2020-01-19
160,0.4374934157405468,0.3594716730565901,0.36370433591452345,0.3396680680553641,0.39492868801014225,0.36194904645847814,0.3625941206904059,0.3673276152859006,2020-01-26
161,0.42186215030699487,0.34762699231867383,0.3528668826313571,0.3277759888777759,0.38667509092677965,0.35263829029740695,0.35228500264021984,0.35595126707975816,2020-02-02
162,0.40623348124649267,0.3373564778907937,0.3436255210145028,0.31764537577942614,0.37889549532838285,0.3443122994158381,0.34377355619205757,0.3457952343231146,2020-02-09
163,0.3917928470811497,0.32920259783091904,0.3359359272673508,0.3093292041763475,0.3714385856386522,0.33696908485693844,0.3372060162627676,0.3372785546149781,2020-02-16
164,0.3796334117584738,0.32367562733072697,0.32986035723773144,0.3029522615215362,0.3643875595449371,0.33075680636843835,0.3327487806951027,0.3308664151289097,2020-02-23
165,0.37046283715220635,0.321151347147544,0.3259063321581326,0.29893934953834755,0.35880535752782056,0.3264509106537014,0.33065248342592474,0.3272168054086929,2020-03-01
166,0.364888128046513,0.3219704206703422,0.3246976349383667,0.29779360562026813,0.3560107372600883,0.32499063310512666,0.33118975298213016,0.32703805694636656,2020-03-08
167,0.3635162889320951,0.3264735111857095,0.3268580488272057,0.3000181673891711,0.3573224571603578,0.3273152095926367,0.3346332179547406,0.33103850138074054,2020-03-15
168,0.3668931710078854,0.33498539016654405,0.33298964963960237,0.30608883653514224,0.3640152608155888,0.33433056941656625,0.34125400405114625,0.33989753182547316,2020-03-22
169,0.37457181229167336,0.3475728282218896,0.34334209673341565,0.3160376205940625,0.37664931858582523,0.34640191544455023,0.35129883792128697,0.3538247294121901,2020-03-29
170,0.3852991395753957,0.36409311305244296,0.3578789061440415,0.32953618997447925,0.3952046055729792,0.36345540958889355,0.36499463548486294,0.3726482130599392,2020-04-05
171,0.3977987754692244,0.3843974763363367,0.376555321678697,0.34624579795930926,0.4196443237894425,0.3854045213568121,0.38256773994549775,0.39618507384886287,2020-04-12
172,0.41079463714428016,0.4083352088115874,0.3993248279880048,0.3658264293449607,0.44992905851801585,0.41216038268570027,0.4042423502238566,0.4242506027137178,2020-04-19
173,0.4231000548272218,0.43516643490944684,0.42560692323564786,0.3875530238121814,0.4852250949514669,0.44292456349859244,0.4295917748494514,0.45611366208291176,2020-04-26
174,0.4337430752664019,0.4627364550253816,0.4535387903751017,0.40977587365736856,0.5227912859564076,0.4751946914168843,0.4566262740927688,0.48973092090782566,2020-05-03
175,0.44178331385936953,0.4886825553633678,0.48106908024917594,0.430709325099383,0.5596060445828277,0.5062178723212767,0.48312630139910895,0.5228661231835925,2020-05-10
176,0.44628038600367304,0.510642022127379,0.5061464437006776,0.44856772435708314,0.5926477838807135,0.5332412120924672,0.5068723102137689,0.553283012905342,2020-05-17
177,0.4464270405848429,0.526440189682103,0.5268324401165985,0.4617278489597699,0.6190865717778551,0.5536733955926849,0.525810816918267,0.5788636768966241,2020-05-24
178,0.44250731742470667,0.5354438171418041,0.5421141366037711,0.4698979206852313,0.6376634650960576,0.5662475654198582,0.5392495504627807,0.5984602543546281,2020-05-31
179,0.435339787160728,0.5377746767902213,0.5514319279563664,0.4734383228535597,0.647889014791956,0.5703456036145256,0.547162982313511,0.6114000308094274,2020-06-07
180,0.42574668328471854,0.5335597146133194,0.5542293153812112,0.47271390769977434,0.6492790447547367,0.5653538376823303,0.5495301527672148,0.6170135477152826,2020-06-14
181,0.4145555447378547,0.5229365069762149,0.5499699059442005,0.4680941542136524,0.6413774596165761,0.5506919799215496,0.5463419745273435,0.6146508874437585,2020-06-21
182,0.402854712430606,0.5065651917890155,0.539105657985282,0.4601759805082767,0.6251085396511763,0.5274208514347067,0.5381729766572386,0.6046227125857508,2020-06-28
183,0.3921067646736167,0.4858557558780771,0.5235067630435845,0.4498826681303917,0.6033773331178224,0.49895617997619257,0.526435147652847,0.5886180688974297,2020-07-05
184,0.38380320389904965,0.46227614051568666,0.5051530252981679,0.43816272265729045,0.5792419781964954,0.468895699711651,0.5126052017119925,0.5684325348389452,2020-07-12
185,0.3794355325390677,0.43729428697413125,0.48602424892809204,0.4259646496662659,0.5557606130671762,0.4408371448067261,0.49815985303249954,0.545861688870447,2020-07-19
186,0.3800439319939149,0.4123803771969298,0.4679260090517572,0.414255014905358,0.5355521203886505,0.41786742613922,0.4844423039446104,0.5226421143456329,2020-07-26
187,0.3846114871534943,0.3890148059841843,0.45186975428483955,0.4040827013903435,0.5192332802454951,0.40074515005755607,0.47218721700872035,0.5002414981586364,2020-08-02
188,0.3915355150018935,0.36868087629494206,0.438640801986601,0.39652003236612543,0.5068507645984227,0.3895659272454358,0.46195597022380785,0.48005095767211625,2020-08-09
189,0.3992132901376791,0.3528618912986792,0.42902445315369286,0.3926393327737148,0.49845120415574784,0.3844253204129218,0.4543099290501701,0.4634616047082417,2020-08-16
190,0.4060756261447073,0.34297362284043253,0.4237599291175046,0.39345295081650955,0.49404905867514126,0.3853688556225741,0.44977773185946385,0.4518055784333591,2020-08-23
191,0.41116795415955776,0.33919429973878906,0.4227420198454739,0.39887413299957414,0.493069240234675,0.39152511402734036,0.44828827785550157,0.44533431658272327,2020-08-30
192,0.41407409184830907,0.34061810026388634,0.4251258187743684,0.4078533457278759,0.4944202348393498,0.4012194605598687,0.4492451127312013,0.44335259487334333,2020-09-06
193,0.4143960657979971,0.3463025387099472,0.43004140185830836,0.4193084929521206,0.4969930623039304,0.41275009435302284,0.45203401405188054,0.44513317170210825,2020-09-13
194,0.4117369473851544,0.35530501339256454,0.4366188606542631,0.4321573099578916,0.49967901580521323,0.42441584382880004,0.4560406984781787,0.44994848414133476,2020-09-20
195,0.40621075079696783,0.366626204553927,0.4439959171208322,0.4452350482077767,0.5015030732146806,0.4348232843375158,0.46062109790773237,0.4569138290158954,2020-09-27
196,0.39926426131497794,0.37911884592013084,0.45133019677239516,0.45716180386176364,0.5018389228526554,0.4433817351019681,0.4650534520378897,0.4647346099587328,2020-10-04
197,0.39255884204275854,0.3916118516421512,0.45778252962083876,0.4665230328055818,0.5001163958601967,0.4496297581178033,0.4686034920240611,0.47205023728348416,2020-10-11
198,0.3877558560838835,0.4029341358709633,0.46251374567804965,0.4719041909249606,0.4957653233783632,0.453105915380668,0.4705369490216568,0.4775001213037867,2020-10-18
199,0.3863637293249792,0.41198545496948996,0.4647443958825924,0.47205356670381476,0.48829636234292384,0.45341004927002376,0.4701645185999086,0.4798250387730044,2020-10-25
200,0.38851037478941364,0.41830503414157644,0.4642341119091007,0.4671892837704334,0.47794975697720865,0.450695159596927,0.46720277498144624,0.4786807672320038,2020-11-01
201,0.39359139366894647,0.42177131353836383,0.46102848814340214,0.45830915980405373,0.4653527710080192,0.44540767605829823,0.46158359624299033,0.47420845883890617,2020-11-08
202,0.40099566327199526,0.42226584788819327,0.45517574460131877,0.44641817141760043,0.4511362216674801,0.43799672254257077,0.45324083732130277,0.46655372232642695,2020-11-15
203,0.4101047522986543,0.41967514807573586,0.4467277234887722,0.4325198009781455,0.43593105912255614,0.42891180029949555,0.44211524562225374,0.45586779809165423,2020-11-22
204,0.41986171294962293,0.41418309436547357,0.43595359841766446,0.4175278761016032,0.4203762096306121,0.418625052257882,0.4285611166981891,0.44263982639404653,2020-11-29
205,0.4285298968515384,0.40643448956059525,0.4234594066791671,0.402217259539593,0.4051229623891326,0.40764371594908005,0.41357374572849226,0.4278826922797366,2020-12-06
206,0.4343141867644522,0.3971137857149309,0.4098801630852485,0.3873508600769127,0.39082367007432156,0.39647804779498036,0.3982035676454097,0.41265433410983904,2020-12-13
207,0.43541946544841503,0.38690543488231155,0.3958508824478785,0.373691586498362,0.3781306853623846,0.38563830421747486,0.3835010173811894,0.39801269024547037,2020-12-20
208,0.4304681656018803,0.3764314854067584,0.38196563203103273,0.36188032175737384,0.3675740352686269,0.3755598499788508,0.3703603749678718,0.3848485743359372,2020-12-27
209,0.42015986298292524,0.3660035522665977,0.3686147815111653,0.35195091935915757,0.3590752258287496,0.3663054939464906,0.3588991125940316,0.3732214217849827,2021-01-03
210,0.4058387885058382,0.35583690538152873,0.3561254816643783,0.343748837184482,0.3523669045473349,0.35782241978925494,0.348993614970251,0.36293264423131305,2021-01-10
211,0.38884937218823334,0.3461467849148434,0.3448248637414615,0.33711947492766553,0.34718166059954453,0.3500577754648782,0.34052019234665293,0.35378357362236185,2021-01-17
212,0.370538431694702,0.3371466881645955,0.3350341321780731,0.33190635592594536,0.3432548971527597,0.342961687330691,0.3333546410807976,0.34557394352706494,2021-01-24
213,0.35230247621080474,0.32901384005467527,0.3269511429998195,0.3279139529206665,0.3403805819589599,0.3365462679620056,0.3273620624386703,0.33807022218685995,2021-01-31
214,0.33558496645235886,0.3218911931937038,0.32065720525420316,0.3249098413073347,0.33840801810323595,0.330882198231747,0.3223974523220852,0.331007446766012,2021-02-07
215,0.32183120223131784,0.31592035774028265,0.3162290628319323,0.32266015120872704,0.33718867616121284,0.3260424531389176,0.31831541080473025,0.32411942327034776,2021-02-14
216,0.31248604694622545,0.3112430746212732,0.313743466001587,0.32093113161549447,0.33657437299490883,0.32210018425427217,0.31497073641988776,0.3171402876855376,2021-02-21
217,0.3086069746424803,0.30811716330324956,0.313282826451766,0.3195945464901005,0.3367243121290825,0.3192852798925119,0.31239439353827014,0.3100970878902425,2021-02-28
218,0.310152689729971,0.30712968197278523,0.3149456136082265,0.31882143659799334,0.3386695515383841,0.31827218775960336,0.31111701352301124,0.30384767078040426,2021-03-07
219,0.3168884248367539,0.3089256612974436,0.3188331243492869,0.3188355394796897,0.34359466566576424,0.31981363375084354,0.31175720929427264,0.2993961706638327,2021-03-14
220,0.3285794125908843,0.3141501319447877,0.3250466555532652,0.3198605926757063,0.3526842289541733,0.324662343761529,0.31493359377221575,0.29774672184833806,2021-03-21
221,0.3449337751280468,0.3233592725956418,0.33369014852106915,0.3221445671389022,0.3670091765547543,0.3335061315526443,0.32122279544111687,0.2998708426998008,2021-03-28
222,0.3650904975981948,0.3362238037635342,0.34489389765684647,0.326176932900181,0.3865079665323194,0.3463859263123803,0.3307830451442061,0.3064150160590067,2021-04-04
223,0.38786188501850666,0.3519061999704111,0.3588033238377756,0.33258577855303983,0.41046902405239205,0.3629713505955013,0.3435324167847208,0.31783915694360465,2021-04-11
224,0.4120563589567566,0.36956289390281044,0.37556402775880404,0.3420008405358255,0.4381730469361538,0.38292761300446854,0.35938612937136405,0.3346009625237869,2021-04-18
225,0.43648036997905,0.3883454100277383,0.39530964148778275,0.3550370434254548,0.4688930639802575,0.40590952167741684,0.37824948594954694,0.3571415895193984,2021-04-25
226,0.45979310092326425,0.4070385443860208,0.41727953477405205,0.3712026109686708,0.5013290959328174,0.43079479116711683,0.39928689654059774,0.38466633849424753,2021-05-02
227,0.48040701463698066,0.42381270699624574,0.43921490534240404,0.3881516932371973,0.5332211939554096,0.45515925866222773,0.4204215411834475,0.41431006034540035,2021-05-09
228,0.4967110368749587,0.4367796954361691,0.45871402527159405,0.40336156163097736,0.5622178280886947,0.47645456222054944,0.43945818654779634,0.44301008502349193,2021-05-16
229,0.507094093391958,0.44405130728354686,0.47337516664037765,0.41430948754995406,0.5859674683733334,0.4921323398998818,0.45420159930334447,0.46770374247915736,2021-05-23
230,0.5102953151415779,0.444110676904412,0.4811286043722256,0.4188547985714688,0.6024325971881764,0.5000047377992043,0.4627413594923568,0.4856418561906402,2021-05-30
231,0.5069564141302052,0.43745832258690787,0.4817083054086587,0.4169324420712735,0.6112816508127079,0.4998424559475855,0.4647143700638321,0.49577838496305926,2021-06-06
232,0.498362128764117,0.42527658961347586,0.47545784098804394,0.4091788747377237,0.6127596367024442,0.4920781382533368,0.4602804917018561,0.4976429061677764,2021-06-13
233,0.4857977014624777,0.4087483576918818,0.4627212601649341,0.39623110311176885,0.6071120142372748,0.4771449474654361,0.4495999949919399,0.49076544835385816,2021-06-20
234,0.4705426262320308,0.3890620877638,0.4438766032991371,0.37875226012849716,0.5946255089579814,0.45551308074622,0.4328744029527891,0.47474578189733524,2021-06-27
235,0.4537395737777806,0.36753908490168474,0.4201109693697141,0.35802733728975045,0.5765690606187047,0.4285342257189476,0.41128712607081047,0.4508436671570661,2021-07-04
236,0.43639178040979726,0.3456360334647074,0.39343595579720403,0.3359750520189624,0.5552125674564948,0.39845838255669,0.3870222003341495,0.4220105332055727,2021-07-11
237,0.4194962117485894,0.32481570613393757,0.365900239617779,0.3145426218705639,0.5328709431431728,0.3675759506405576,0.3623086621907836,0.39127388739827684,2021-07-18
238,0.404049829586956,0.3065406993862586,0.3395523456564055,0.29567702551500097,0.5118589247362095,0.33817715959273553,0.33937533620238025,0.3616609707143373,2021-07-25
239,0.3910421350334625,0.29193016571508984,0.31614412007374315,0.28085962687584853,0.494147005849715,0.31222135767222975,0.32003805402809826,0.3356798235013268,2021-08-01
240,0.3814395959548932,0.281042948926358,0.2965114781063249,0.2701343054981481,0.48064290325155073,0.2906463688115125,0.30483762146120097,0.3142355669504824,2021-08-08
241,0.3762042491658492,0.27373391445551165,0.2813141314948742,0.26326840285403813,0.472049880523599,0.2741934997683999,0.29406955940621043,0.2979249584327926,2021-08-15
242,0.37629813148093166,0.2698579277379994,0.2712117919801147,0.2600292604156572,0.46907120124774204,0.2636040573007079,0.28802938876764894,0.28734475531924625,2021-08-22
243,0.3825430377206853,0.26925989277155954,0.266788487826365,0.2601917299644252,0.47226957070296405,0.2595272920131483,0.28696950958704875,0.2830127582776534,2021-08-29
244,0.39421330415254957,0.2716747970336364,0.2677931404978785,0.2636135335547647,0.480656745399353,0.26159668828116883,0.2906665175742944,0.28457554372890204,2021-09-05
245,0.40962289108976824,0.27676941216297013,0.2734563916714744,0.2702038237736636,0.4922819398126092,0.2688153307453035,0.29860171714497397,0.2911389932779985,2021-09-12
246,0.42707137574403187,0.2842094881615855,0.28300112098996427,0.27987252345914515,0.5051799528765091,0.2801768628440574,0.31025199027505135,0.3018008907965433,2021-09-19
247,0.4448612184998777,0.2936598007023098,0.2956489951462783,0.29252532560343636,0.5173897563141044,0.29467381594002284,0.32509129653245017,0.3156581384649812,2021-09-26
248,0.46156980303040857,0.30469221885775616,0.31050602069503613,0.30766458868568647,0.5273482157698325,0.31119268003674716,0.3423149309472465,0.3317235653107266,2021-10-03
249,0.47627269324613497,0.3167102584395498,0.3264686199265965,0.3240618008228863,0.5342132085174216,0.3284277907746474,0.3606132289066054,0.34885765392464907,2021-10-10
250,0.4880979966653668,0.3290996788590158,0.34241111005256275,0.34041136444540593,0.5372186577060153,0.345053217065886,0.37862326715867045,0.36590481875438324,2021-10-17
251,0.4961738208064141,0.3412462395274795,0.3572078082845388,0.3554076819836158,0.5355984864847569,0.3597430278226259,0.39498212245158587,0.3817094742475641,2021-10-24
252,0.4998286562547972,0.35255115591293257,0.369850736973962,0.3678776570116074,0.528816374026252,0.37136299019634805,0.4084752494479274,0.39520732880570575,2021-10-31
253,0.49958094339278664,0.36250742734388036,0.3800308957320381,0.37743503458282696,0.5177003769289312,0.3799172473704527,0.4187692265078942,0.4058762285636989,2021-11-07
254,0.49638665902990753,0.37064180144856124,0.387696293342802,0.38398287599803826,0.5035802240684537,0.3858285156338933,0.42585461516784967,0.413393360004732,2021-11-14
255,0.4912024562685371,0.3764810780194048,0.3927953358451354,0.3874246897493651,0.4877864197470581,0.38952015825718106,0.4297224777396182,0.4174362177290876,2021-11-21
256,0.48496446194770987,0.3795662154135091,0.39527859067305615,0.3876762616131971,0.47162993376395357,0.3914014483694947,0.4303677406285575,0.41769519873348016,2021-11-28
257,0.4780455152093431,0.37982671544342805,0.3951559388954342,0.38499029417662484,0.45588566439659806,0.39149499333767596,0.42789136982021364,0.41421477133544976,2021-12-05
258,0.4701993072219443,0.37761915456626793,0.39250245724758515,0.37998981830058726,0.44073927710591165,0.3893983897847439,0.42251088664389636,0.4074285878199023,2021-12-12
259,0.4611477995148274,0.37332199564587826,0.38739656356430674,0.3733168431565673,0.4263462407835393,0.3846874536962387,0.4144497855713018,0.3977902450849773,2021-12-19
260,0.4506129731653488,0.3673137020185055,0.37991669454281446,0.3656133529967894,0.41286201068121364,0.37693805085240345,0.4039315715151749,0.3857533522295894,2021-12-26
261,0.4384355516973029,0.35997560654453387,0.37025586457424614,0.357369962761209,0.4003591878933419,0.36602851951171217,0.3912431723957437,0.3718456306264584,2022-01-02
262,0.42485565080070387,0.3516986937758516,0.3589924720025626,0.3485681542251904,0.38863169219718285,0.3528545690743537,0.37688484045917753,0.3568440794968456,2022-01-09
263,0.41019726712161036,0.3428759753274172,0.3467858541012811,0.33908248023505916,0.3774149142918324,0.33852557878994605,0.3614016306541543,0.3415780517785464,2022-01-16
264,0.3947843973060824,0.33390046281418995,0.33429534814392003,0.32878749363714216,0.36644424487638744,0.3241509279081087,0.3453385979293534,0.32687690040935785,2022-01-23
265,0.3789649533772176,0.32515599793247324,0.32216623818505175,0.31760503721523853,0.3554924377218471,0.3108092572825736,0.3292488753993943,0.31354199663053556,2022-01-30
266,0.36338001090740374,0.31691401411942943,0.31087153871652806,0.3060366513214889,0.34479025697277527,0.2992024051257115,0.31378462132892326,0.30203170168356047,2022-02-06
267,0.3488672334113073,0.30937056672236907,0.3007687446885162,0.29497260659998215,0.33487559676005046,0.28977953548187363,0.2996643977033923,0.2925743631189205,2022-02-13
268,0.33626791245486687,0.30272031997798016,0.2922132191258206,0.2853103477534698,0.32629201933094043,0.28298514926690943,0.28760799199594594,0.28539408356010243,2022-02-20
269,0.3264222059587974,0.2971591835526697,0.2855611716185966,0.27794569795360163,0.3195847338213267,0.2792633365685665,0.27833422735184077,0.28071670513796587,2022-02-27
270,0.3200280403252783,0.2930393235469129,0.2812750251233006,0.27357103680245953,0.31550557438823146,0.2790066433904532,0.27244093860625507,0.27898631531260676,2022-03-06
271,0.3175043427063637,0.29101941637888074,0.280025549170037,0.27247967199501993,0.3152116877842931,0.28250650762054175,0.2702886317088048,0.281075108364801,2022-03-13
272,0.3192375958031327,0.2917937821431013,0.2825077416342947,0.27491850368602555,0.31990735402373166,0.2900426094187837,0.27221021394929207,0.2879050625469619,2022-03-20
273,0.32561428231666495,0.2960567409341027,0.289416600391563,0.2811344320302195,0.3307968531207678,0.3018946289451308,0.27853859261751934,0.3003981561115028,2022-03-27
274,0.33689345036757307,0.30433879922482304,0.30124680027668194,0.2912563402235272,0.3488298795616863,0.31817317279286916,0.2894496656640827,0.31918028057686954,2022-04-03
275,0.3525060146721474,0.31610592094704004,0.3171912171857014,0.3046461784558144,0.3733017042126814,0.33789012327000134,0.3040990061159104,0.3429532083246376,2022-04-10
276,0.37155196184644645,0.3303986711307076,0.33592251873971263,0.320359424938669,0.40284647829096565,0.35961830451043636,0.32123445777798854,0.36964981980754363,2022-04-17
277,0.3931304091831297,0.3462564973146428,0.35611200601152937,0.3374507528046857,0.43609661630182045,0.3819293872750582,0.33960279338109517,0.397200975656666,2022-04-24
278,0.4163191897965004,0.3627067308712112,0.37642117182234364,0.3549591857545373,0.4716569730429164,0.40339034845040844,0.3579476262037775,0.4235392753012637,2022-05-01
279,0.43951638399663423,0.37838974916476115,0.39519826286124216,0.37142395158154556,0.507252228929859,0.4224182566580869,0.37491166609862125,0.4466528501680042,2022-05-08
280,0.4603140828275374,0.3914871145683906,0.41042010694482695,0.3847916653909424,0.5395634333703314,0.4372524328860149,0.3890179807810584,0.4645956764929585,2022-05-15
281,0.4762576159933628,0.4001537702374996,0.4200419831608828,0.39297456048602303,0.5652110870943895,0.44612188568017874,0.39878269664996535,0.4754255506517944,2022-05-22
282,0.4848923325100672,0.4025446741141231,0.42201918837532404,0.3938848879281475,0.5808157165856234,0.44725563918768063,0.4027219514252024,0.4772002876554145,2022-05-29
283,0.48462749250603976,0.39747626239415856,0.4151023218575538,0.3862293035947631,0.5841499294628318,0.43958063152423155,0.3998583256258518,0.46881134742207264,2022-06-05
284,0.47704046711814674,0.3861907260852778,0.4009584939199499,0.37162768279852304,0.5772112135142979,0.42458317166568854,0.3910716128387391,0.45220730948583593,2022-06-12
285,0.4644346619751037,0.37048616527075234,0.3819231903224029,0.35236752196340804,0.5629652703057796,0.4043360983897148,0.37766722328542496,0.4300373520279945,2022-06-19
286,0.4491134827056264,0.3521606800338534,0.3603318968248035,0.3307363175133987,0.5443778014030345,0.38091225047397365,0.36095056718747015,0.4049506532298385,2022-06-26
287,0.43335064008258284,0.3330222330987542,0.338513621203281,0.3090061333574228,0.5243891766390254,0.35640993321396397,0.34227909962869557,0.379585286992053,2022-07-03
288,0.41901390151761675,0.3150136143670591,0.31870881399309325,0.28923806329346047,0.5055934685348432,0.3332755917952002,0.32372175469213677,0.35642752620925244,2022-07-10
289,0.40767707338891646,0.3001752478938069,0.30309379762559635,0.27334042859562224,0.4903339808457748,0.31420777445901976,0.30786267898027936,0.3378537181438406,2022-07-17
290,0.40090739766164646,0.29054973799208406,0.2938434624941817,0.2632181389908033,0.48094841743608463,0.3019106591336761,0.29729752425237777,0.32623775532045246,2022-07-24
291,0.4002653949033507,0.2881742267446618,0.2931259904379053,0.26077038439065225,0.4797662304701079,0.2990805174096678,0.29461550629386,0.32394644666528094,2022-07-31
292,0.40615808630774486,0.29414845011679625,0.3019582680353107,0.26691474289375633,0.487700748377357,0.3070567668177427,0.301301324806263,0.33213094227458906,2022-08-07
293,0.41654090361530105,0.3075798283402039,0.31891027692309026,0.2804825243070309,0.5026555415488487,0.32429503563141054,0.31649219665442374,0.34935869221513055,2022-08-14
294,0.4290556850391668,0.32732093582908556,0.342239004426949,0.30003817473732736,0.522149189063765,0.34888207402999566,0.3390250619084166,0.37386665418482873,2022-08-21
295,0.44134426879249,0.35222434699764266,0.37020143787259235,0.3241461402914978,0.543700270001288,0.37890463219282333,0.3677368606383166,0.40389178588160785,2022-08-28
296,0.45117734575631885,0.3811275041754964,0.4010803611564597,0.3514411042835165,0.564985901763695,0.4124567655226981,0.4013933598965872,0.4376795492808947,2022-09-04
297,0.45724323963838504,0.41276008554760146,0.4333422701656653,0.3810579489596888,0.5848122429437204,0.44768455405632057,0.43825346336689097,0.47353597013482196,2022-09-11
298,0.45862837500596587,0.445805017485579,0.46553336140315604,0.4123485601641789,0.6024752692540978,0.48275664791601514,0.4763561798719759,0.5097933488566512,2022-09-18
299,0.4544207884053806,0.4789450370548948,0.49620015409341856,0.4446657024261459,0.6172729397615601,0.5158417886142758,0.5137396278423725,0.5447840922502787,2022-09-25
300,0.4437348604932327,0.5108790943590149,0.5239120559857869,0.4773689274391144,0.6285195706283839,0.5451382801762935,0.5484707175389651,0.5768647736372645,2022-10-02
301,0.4266748741915154,0.5409153581416363,0.5480985305442648,0.5100728203484319,0.636144109741341,0.5699552630902747,0.5796982366436003,0.6053000437167572,2022-10-09
302,0.40461157384209556,0.5691414194501421,0.5692893795386144,0.5427182510639104,0.6408618526840575,0.5910230600897634,0.6079551054566462,0.6305163294613612,2022-10-16
303,0.3789984143564866,0.5956957721558997,0.5880862660733768,0.5752673986314457,0.6434394501504925,0.6091648090475923,0.6338646397658934,0.6530159315938617,2022-10-23
304,0.3512888506462025,0.6207169101302756,0.6050908532530926,0.6076824420969326,0.6446435528346048,0.6252036478365935,0.6580501553591309,0.6733011508370434,2022-10-30
